project_id,repo_url,status,snapshots,date_start,date_end,span_days,span_years,nodes_first,nodes_last,nodes_min,nodes_max,edges_first,edges_last,edges_min,edges_max,node_growth_multiple,edge_growth_multiple,nodes_first_viable,date_first_viable,node_growth_from_first_viable,tier,net_contraction_from_peak_pct,median_giant_component_frac,median_edges_per_node,median_snapshot_gap_days,max_snapshot_gap_days,drift_events,n_dbt_projects_at_head,model_paths,head_sha,stars,license,strata,edge_recall_strict,pct_edges_recovered,pct_nodes_touched_by_recovered,edges_dropped_as_commented_out,median_doc_rate,median_test_rate,error,composition,composition_rule,has_integration_tests,consumes_packages
tconbeer__gitlab-analytics-sqlfmt,https://github.com/tconbeer/gitlab-analytics-sqlfmt.git,success,56,2018-10-07,2025-10-17,2567,7.03,3,2167,3,2168,1,2176,1,2176,722.33,2176.0,46,2018-12-14,47.11,extended,0.05,0.482,1.0079,30,468,27,0,transform/snowflake-dbt/models,f859b7942620548ea7ccfc7eaa25d3e5620c307b,1,NOASSERTION,S3_code,0.9412,5.88,6.34,264,0.71865,0.526734,,estate,"no package, docs or demo signal",False,True
mattermost__mattermost-data-warehouse,https://github.com/mattermost/mattermost-data-warehouse.git,success,55,2020-01-13,2025-01-17,1831,5.01,16,235,16,301,14,369,14,510,14.69,26.36,16,2020-01-13,14.69,core,21.93,0.8286,1.5702,29,125,20,0,transform/snowflake-dbt/models,61af2424d790a8f83267f2b9ee12589fd32bcfa9,86,,S1_curated;S3_code,1.0,0.0,0.0,259,0.534296,0.088398,,estate,"no package, docs or demo signal",False,True
cal-itp__data-infra,https://github.com/cal-itp/data-infra.git,success,53,2022-04-26,2026-07-27,1553,4.25,74,620,74,643,105,854,105,890,8.38,8.13,74,2022-04-26,8.38,core,3.58,0.884,1.4024,29,42,26,0,warehouse/models,60000cd94917a6fe10b9339e2c606fc1b2f1fcdd,70,AGPL-3.0,S1_curated;S3_code,0.7973,20.27,34.87,3,0.721854,0.502674,,estate,"no package, docs or demo signal",False,True
fivetran__dbt_zendesk,https://github.com/fivetran/dbt_zendesk.git,success,53,2020-08-20,2026-06-22,2132,5.84,27,98,27,98,34,156,34,156,3.63,4.59,27,2020-08-20,3.63,core,0.0,1.0,1.6792,34,121,16,0,models,d4a8aa378862c51f0c6136eb16f87bef8c34e908,31,Apache-2.0,S2_topic_dbt;S3_code,0.9984,0.16,0.55,2,0.133333,0.066667,,package,ships an integration_tests project,True,True
mitodl__ol-data-platform,https://github.com/mitodl/ol-data-platform.git,success,51,2022-07-08,2026-08-04,1488,4.07,8,662,8,662,0,1132,0,1132,82.75,,11,2022-08-04,60.18,core,0.0,0.6588,1.3017,30,42,40,0,src/ol_dbt/models,a20a7286540afa8e99f0dde8174a91304a8a88eb,48,BSD-3-Clause,S3_code,0.997,0.3,0.49,0,0.609244,0.777989,,estate,"no package, docs or demo signal",False,True
patkearns10__dbt_workspace,https://github.com/patkearns10/dbt_workspace.git,success,50,2021-02-06,2026-06-22,1961,5.37,6,527,6,530,1,866,1,867,87.83,866.0,10,2021-03-17,52.7,core,0.57,0.6314,1.6389,33,105,15,0,dbt_snowflake/models;dbt/models;dbt_postgres/models,af0833dd2eac885b9b47bf300e7469acf6972936,8,,S3_code,0.9942,0.58,1.55,18,0.024668,0.041588,,package,repository name matches the dbt package convention,False,True
jyablonski__nba_elt_dbt,https://github.com/jyablonski/nba_elt_dbt.git,success,48,2021-10-21,2026-07-25,1737,4.76,33,122,33,122,34,219,34,219,3.7,6.44,33,2021-10-21,3.7,core,0.0,0.9823,1.4756,30,102,16,0,models,0ccfaed4d647640aec095ab06ec2160a03e77468,0,,S3_code,1.0,0.0,0.0,0,0.63,0.87,,package,repository name matches the dbt package convention,False,True
fivetran__dbt_quickbooks,https://github.com/fivetran/dbt_quickbooks.git,success,47,2021-02-12,2026-07-13,1977,5.41,33,144,33,144,34,208,26,208,4.36,6.12,33,2021-02-12,4.36,core,0.0,0.5789,0.6842,30,280,3,0,models,cf1867c4bd77d88931ff624d5e8cbd2f75c9843d,40,Apache-2.0,S2_topic_dbt;S3_code,1.0,0.0,0.0,0,0.973684,0.184211,,package,ships an integration_tests project,True,True
fivetran__dbt_fivetran_log,https://github.com/fivetran/dbt_fivetran_log.git,success,44,2020-07-23,2026-04-02,2078,5.69,15,20,15,21,11,25,11,25,1.33,2.27,15,2020-07-23,1.33,extended,4.76,0.8235,1.0,30,140,7,0,models,0da7ac69669322de4b4c9ea88b5a0071b60b23e7,31,Apache-2.0,S2_topic_dbt;S3_code,1.0,0.0,0.0,0,0.9,0.85,,package,ships an integration_tests project,True,True
tuva-health__tuva-core,https://github.com/tuva-health/tuva-core.git,partial,44,2021-11-26,2026-07-21,1698,4.65,13,1182,12,1182,22,1883,0,1907,90.92,85.59,13,2021-11-26,90.92,core,0.0,0.9781,1.8054,29,391,22,0,models,10b9eb73894a00547221fb19ef614542c188f4ba,321,,S2_topic_analytics-engineering;S2_topic_dbt;S3_code,0.9381,6.19,12.44,91,0.460287,0.084746,2 of 46 snapshots failed,package,ships an integration_tests project,True,True
fivetran__dbt_jira,https://github.com/fivetran/dbt_jira.git,success,41,2020-12-22,2026-06-24,2009,5.5,20,61,19,61,23,90,23,91,3.05,3.91,20,2020-12-22,3.05,core,0.0,1.0,1.2273,35,187,11,0,models,6b7d33392a306ae41a54b9a111c5d9f14a83dcb5,13,Apache-2.0,S2_topic_dbt;S3_code,1.0,0.0,0.0,0,1.0,1.0,,package,ships an integration_tests project,True,True
DITP-pilotage__pilote-2,https://github.com/DITP-pilotage/pilote-2.git,success,40,2023-04-21,2026-07-29,1194,3.27,33,85,33,90,35,157,35,164,2.58,4.49,33,2023-04-21,2.58,core,5.56,0.75,1.5811,28,65,24,0,data_management/data_factory/models;data_management/models;apps/pilote-ppg-data-management/models,37852643075338e0e76599a6d81af09c2b7836cc,8,,S3_code,1.0,0.0,0.0,211,0.494118,0.0,,estate,"no package, docs or demo signal",False,True
CDPVD__cdpvd_dashboards_store,https://github.com/CDPVD/cdpvd_dashboards_store.git,success,39,2022-09-06,2026-07-16,1409,3.86,2,103,2,169,1,121,1,289,51.5,121.0,16,2022-11-21,6.44,extended,39.05,0.4231,1.1748,34,101,34,0,models;template/{{ cookiecutter.project_slug }}/models,f5f367157839a28e1f191b35e0ade440fc0b341d,0,AGPL-3.0,S3_code,1.0,0.0,0.0,0,0.758333,0.375,,estate,"no package, docs or demo signal",False,True
Sciance-Inc__core.dashboards_store,https://github.com/Sciance-Inc/core.dashboards_store.git,success,39,2022-09-06,2026-08-04,1428,3.91,2,208,2,208,1,374,1,375,104.0,374.0,16,2022-11-21,13.0,core,0.0,0.6074,1.7222,33,115,26,0,models,2204900b268236771fbef82dfac812654c1c10cc,2,AGPL-3.0,S3_code,1.0,0.0,0.0,0,0.681481,0.385714,,estate,"no package, docs or demo signal",False,True
elementary-data__dbt-data-reliability,https://github.com/elementary-data/dbt-data-reliability.git,success,39,2022-01-23,2026-06-17,1605,4.39,7,30,7,30,6,17,6,29,4.29,2.83,26,2022-03-08,1.15,extended,0.0,0.2632,0.5667,32,189,14,0,models,6283bb85e909c856d93488d28620c835ea767bd7,520,Apache-2.0,S2_topic_analytics-engineering;S2_topic_dbt,1.0,0.0,0.0,47,0.7,0.0,,package,ships an integration_tests project,True,True
fivetran__dbt_shopify,https://github.com/fivetran/dbt_shopify.git,success,39,2020-09-20,2026-07-29,2138,5.85,8,264,8,264,7,347,7,347,33.0,49.57,10,2021-05-28,26.4,core,0.0,0.8889,0.9706,37,344,9,0,models,1a4b7d18dd793c55ac6ce9841a5b1d7e38c1f5fe,82,Apache-2.0,S2_topic_dbt;S3_code,0.9522,4.78,8.27,0,0.545455,0.647059,,package,ships an integration_tests project,True,True
prefeitura-rio__queries-rj-sms,https://github.com/prefeitura-rio/queries-rj-sms.git,success,39,2022-10-18,2026-08-03,1384,3.79,2,823,2,823,1,1020,1,1020,411.5,1020.0,26,2023-11-06,31.65,core,0.0,0.7622,1.2475,29,270,17,0,models,381203cfabd2d642978f3e09fef3c9ab1fd5fb03,8,,S2_topic_dbt;S3_code,0.9977,0.23,0.51,13,0.549153,0.225,,estate,"no package, docs or demo signal",False,True
TEAMSchools__teamster,https://github.com/TEAMSchools/teamster.git,success,38,2023-08-12,2026-08-04,1088,2.98,276,1370,276,1370,297,1782,297,1782,4.96,6.0,276,2023-08-12,4.96,extended,0.0,0.4974,0.9906,30,33,19,0,src/dbt/kipptaf/models,15e75b68520a4e3873281ecce4fc098441a38e35,14,Apache-2.0,S2_topic_dbt;S3_code,0.9444,5.56,6.6,318,0.001096,0.00582,,estate,"no package, docs or demo signal",False,True
datacoves__balboa,https://github.com/datacoves/balboa.git,success,38,2021-07-28,2026-03-20,1696,4.64,1,36,1,36,0,23,0,23,36.0,,10,2021-12-14,3.6,extended,0.0,0.2692,0.7407,37,119,8,0,transform/models;models,1b88c9babb572ea9f802fd2c742feac31a9f9127,30,,S3_code,0.9973,0.27,0.39,4,0.961538,0.12,,estate,"no package, docs or demo signal",False,True
ccao-data__data-architecture,https://github.com/ccao-data/data-architecture.git,success,37,2023-08-25,2026-08-04,1075,2.94,27,145,27,145,0,0,0,0,5.37,,27,2023-08-25,5.37,extended,0.0,0.0075,0.0,29,49,0,0,dbt/models,3bad3e51fd5affdad019ece89e33d230791e052e,12,,S3_code,0.0,0.0,0.0,0,0.992647,0.391892,,estate,"no package, docs or demo signal",False,True
dbt-labs__dbt-project-evaluator,https://github.com/dbt-labs/dbt-project-evaluator.git,success,37,2022-01-31,2026-06-12,1593,4.36,23,45,22,45,17,45,17,46,1.96,2.65,23,2022-01-31,1.96,core,0.0,1.0,1.0455,35,197,3,0,models;integration_tests_sl/exclude_package/models,95cca3ef924d82ffd44dbbe34132771ab307e218,571,Apache-2.0,S3_code,0.8763,12.37,16.48,1,0.586207,0.590909,,package,ships an integration_tests project,True,True
edanalytics__edu_edfi_source,https://github.com/edanalytics/edu_edfi_source.git,success,37,2022-11-29,2026-08-03,1342,3.67,128,308,128,308,80,192,80,192,2.41,2.4,128,2022-11-29,2.41,extended,0.0,0.0924,0.6279,35,92,3,0,models,a79be439bdbaf66453c3115390ece1836d263445,10,NOASSERTION,S3_code,0.9908,0.92,0.87,0,0.0,0.215447,,estate,"no package, docs or demo signal",False,True
fivetran__dbt_stripe,https://github.com/fivetran/dbt_stripe.git,success,37,2020-06-10,2026-07-21,2232,6.11,10,69,10,69,11,96,8,96,6.9,8.73,10,2020-06-10,6.9,core,0.0,0.75,0.9375,42,223,17,0,models,5159f928fcc54d1cf808550a8d343ef5a4999324,61,Apache-2.0,S2_topic_dbt;S3_code,1.0,0.0,0.0,0,0.608696,0.246377,,package,ships an integration_tests project,True,True
fivetran__dbt_hubspot_source,https://github.com/fivetran/dbt_hubspot_source.git,success,36,2020-07-09,2025-07-29,1846,5.05,36,112,36,112,3,56,3,56,3.11,18.67,36,2020-07-09,3.11,extended,0.0,0.0222,0.5,34,161,0,0,models,bcc7781bd1bda02dd67d69a60fe7f4f5056534b2,46,Apache-2.0,S2_topic_dbt,1.0,0.0,0.0,0,0.5,0.311111,,package,ships an integration_tests project,True,True
fivetran__dbt_stripe_source,https://github.com/fivetran/dbt_stripe_source.git,success,36,2020-06-10,2025-07-30,1875,5.13,13,44,13,44,0,22,0,22,3.38,,13,2020-06-10,3.38,extended,0.0,0.0625,0.5,45,139,0,0,models,97f5fec87f62c5269d5f271c40f3dd790ed96c08,11,Apache-2.0,S2_topic_dbt,1.0,0.0,0.0,0,0.5,0.5,,package,ships an integration_tests project,True,True
fivetran__dbt_zendesk_source,https://github.com/fivetran/dbt_zendesk_source.git,success,36,2020-08-16,2025-07-24,1802,4.93,12,40,9,40,0,20,0,20,3.33,,12,2020-08-16,3.33,extended,0.0,0.0588,0.5,34,142,0,0,models,3aab72b7a0d97e1b6b1b7aa9c2898333fb002cd5,12,Apache-2.0,S2_topic_dbt,1.0,0.0,0.0,0,0.5,0.323529,,package,ships an integration_tests project,True,True
Jam516__BundleBear,https://github.com/Jam516/BundleBear.git,success,35,2023-08-14,2026-08-02,1084,2.97,16,156,16,156,21,248,21,248,9.75,11.81,16,2023-08-14,9.75,core,0.0,0.8462,1.5897,30,66,8,0,models,3bda157caecce7924e43bfe728e7916c337c790d,32,MIT,S3_code,1.0,0.0,0.0,0,0.357895,0.231579,,estate,"no package, docs or demo signal",False,False
fivetran__dbt_hubspot,https://github.com/fivetran/dbt_hubspot.git,success,35,2020-07-09,2026-08-03,2216,6.07,30,205,30,205,12,210,12,210,6.83,17.5,30,2020-07-09,6.83,extended,0.0,0.4848,0.5128,49,216,8,0,models,2ac3ea475a4abe6df7cf60e17aab3b47c0cc7baf,46,Apache-2.0,S2_topic_dbt;S3_code,0.9188,8.12,12.07,0,0.74359,0.846154,,package,ships an integration_tests project,True,True
fivetran__dbt_netsuite,https://github.com/fivetran/dbt_netsuite.git,success,34,2020-04-16,2026-06-22,2258,6.18,7,110,7,110,6,148,6,149,15.71,24.67,20,2022-07-19,5.5,core,0.0,0.6316,1.5,44,306,7,0,models,986fb90aab6ea658bf15c532a094e4f9d8ada1be,56,Apache-2.0,S2_topic_dbt;S3_code,0.9946,0.54,1.51,0,0.7,0.3,,package,ships an integration_tests project,True,True
pass-culture__data-gcp,https://github.com/pass-culture/data-gcp.git,success,34,2023-12-05,2026-08-03,971,2.66,57,432,57,432,92,639,52,639,7.58,6.95,57,2023-12-05,7.58,core,0.0,0.7355,1.467,29,52,23,0,orchestration/dags/data_gcp_dbt/models,98e88a9d4700857b5652ed17a498e0c8d7215233,7,MPL-2.0,S3_code,1.0,0.0,0.0,20,0.330247,0.125,,estate,"no package, docs or demo signal",False,True
coderxio__sagerx,https://github.com/coderxio/sagerx.git,success,33,2023-03-02,2026-04-16,1141,3.12,36,117,33,122,51,135,45,135,3.25,2.65,36,2023-03-02,3.25,core,4.1,0.625,1.1833,30,146,16,0,dbt/sagerx/models,753dcfcc91b4d972709eebe3da058eea9617d20e,78,NOASSERTION,S2_topic_dbt,1.0,0.0,0.0,19,0.6875,0.38806,,estate,"no package, docs or demo signal",False,False
Velir__dbt-ga4,https://github.com/Velir/dbt-ga4.git,success,32,2022-04-18,2026-01-28,1380,3.78,15,60,15,60,18,69,18,69,4.0,3.83,15,2022-04-18,4.0,core,0.0,1.0,1.1964,30,426,9,0,models,f421312bf7a33bad82f4737059670de2dc25cd32,401,MIT,S3_code,1.0,0.0,0.0,0,0.5,0.357143,,package,repository name matches the dbt package convention,False,True
edanalytics__edu_wh,https://github.com/edanalytics/edu_wh.git,success,32,2022-12-02,2026-08-04,1340,3.67,52,130,52,130,79,183,79,183,2.5,2.32,52,2022-12-02,2.5,core,0.0,0.9355,1.4894,40,135,2,0,models,1aef0af15cbc32565e7c905085d07106d173655b,18,NOASSERTION,S3_code,0.9768,2.32,5.79,0,0.42268,0.360825,,estate,"no package, docs or demo signal",False,True
fivetran__dbt_ad_reporting,https://github.com/fivetran/dbt_ad_reporting.git,success,32,2020-08-24,2026-05-18,2092,5.73,4,20,4,20,0,10,0,10,5.0,,14,2022-08-10,1.43,extended,0.0,0.1429,0.4667,47,272,1,0,models,c51b83428447fc2e08337399510bd07426f6f182,218,Apache-2.0,S2_topic_dbt;S3_code,1.0,0.0,0.0,0,0.466667,0.466667,,package,ships an integration_tests project,True,True
MTES-MCT__trackdechets-meltano-workspace,https://github.com/MTES-MCT/trackdechets-meltano-workspace.git,success,31,2022-09-28,2025-03-13,897,2.46,7,178,7,178,4,235,4,235,25.43,58.75,23,2022-11-07,7.74,core,0.0,0.554,1.0183,28,52,26,0,transform/models,f6869369467a5e6a0e73355db510d6fd607a05cd,0,,S3_code,1.0,0.0,0.0,0,0.019868,0.12844,,estate,"no package, docs or demo signal",False,True
dbt-labs__snowplow,https://github.com/dbt-labs/snowplow.git,success,31,2016-07-27,2022-12-01,2318,6.35,8,14,5,17,9,23,4,24,1.75,2.56,10,2016-09-22,1.4,extended,17.65,1.0,1.4118,52,379,13,0,models,82d63829766e4c2ef0dfa64f0a4acda563241441,131,Apache-2.0,S3_code,1.0,0.0,0.0,6,0.0,0.0,,package,ships an integration_tests project,True,True
Opetushallitus__ovara,https://github.com/Opetushallitus/ovara.git,success,30,2024-04-02,2026-08-03,853,2.34,6,332,6,332,3,359,3,359,55.33,119.67,73,2024-05-02,4.55,core,0.0,0.6548,0.9679,29,54,18,0,dbt/models,6ce5af8f83ba59e4a115dada31c41cd8493b53de,0,NOASSERTION,S3_code,0.8337,16.63,30.8,74,0.325123,0.503937,,estate,"no package, docs or demo signal",False,True
dagster-io__dagster,https://github.com/dagster-io/dagster.git,success,30,2020-08-18,2026-05-20,2100,5.75,4,51,4,51,3,45,3,45,12.75,15.0,18,2022-08-03,2.83,extended,0.0,0.3125,0.8788,46,554,4,0,python_modules/libraries/dagster-dbt/dagster_dbt_tests/dbt_projects/test_dagster_metadata/models;python_modules/libraries/dagster-dbt/dagster_dbt_tests/dagster_dbt_test_project/models;examples/airlift-migration-tutorial/tutorial_example/shared/dbt/models;examples/assets_dbt_python/dbt_project/models;examples/assets_modern_data_stack/dbt_project/models;examples/assets_smoke_test/dbt_project/models;examples/data-quality-patterns/dbt_project/models;examples/docs_beta_snippets/docs_beta_snippets/guides/etl/transform-dbt/basic-dbt-project/models;examples/docs_projects/project_dbt/src/project_dbt/analytics/models;examples/docs_projects/project_etl_tutorial/transform/jdbt/models;examples/project_analytics/dagster_pypi/dbt_project/models;examples/project_databricks_and_snowflake/projects/snowflake-medallion/src/snowflake_medallion/dbt_project/models;examples/project_fully_featured/dbt_project/models;examples/snowflake_cortex/dbt_project/models;examples/starlift-demo/dbt_example/shared/dbt/models;python_modules/dagster-cloud/dagster_cloud_tests/dagster_insights_tests/bigquery_jaffle_with_check_failure/models;python_modules/dagster-cloud/dagster_cloud_tests/dagster_insights_tests/bigquery_jaffle_with_execution_project/models;python_modules/dagster-cloud/dagster_cloud_tests/dagster_insights_tests/jaffle_project/models;python_modules/libraries/dagster-components/dagster_components_tests/code_locations/dbt_project_location/components/jaffle_shop_dbt/jaffle_shop/models;python_modules/libraries/dagster-components/dagster_components_tests/code_locations/jaffle_shop_dbt/jaffle_shop/models;python_modules/libraries/dagster-components/dagster_components_tests/code_locations/templated_custom_keys_dbt_project_location/components/jaffle_shop_dbt/jaffle_shop/models;python_modules/libraries/dagster-dbt/dagster_dbt_tests/components/code_locations/dbt_project_location/defs/jaffle_shop_dbt/jaffle_shop/models;python_modules/libraries/dagster-dbt/dagster_dbt_tests/components/code_locations/dependency_on_dbt_project_location/defs/jaffle_shop_dbt/jaffle_shop/models;python_modules/libraries/dagster-dbt/dagster_dbt_tests/components/code_locations/templated_custom_keys_dbt_project_location/defs/jaffle_shop_dbt/jaffle_shop/models;python_modules/libraries/dagster-dbt/dagster_dbt_tests/dbt_projects/pre_packaged_jaffle_shop/models;python_modules/libraries/dagster-dbt/dagster_dbt_tests/dbt_projects/test_dagster_dbt_dependencies/models;python_modules/libraries/dagster-dbt/dagster_dbt_tests/dbt_projects/test_dagster_dbt_functions/models;python_modules/libraries/dagster-dbt/dagster_dbt_tests/dbt_projects/test_jaffle_with_profile_vars/models,8e7f0b74256a7f159d60f003fbed92060c7ba0da,15931,Apache-2.0,S3_code,0.9861,1.39,2.43,0,0.32,0.181818,,package,ships an integration_tests project,True,True
dpguthrie__snowflake-dbt-demo-project,https://github.com/dpguthrie/snowflake-dbt-demo-project.git,success,30,2020-10-29,2023-08-12,1016,2.78,20,33,20,33,16,20,16,21,1.65,1.25,20,2020-10-29,1.65,core,0.0,0.75,0.7917,29,153,7,0,models,8e626c5bf41dd281a1e52b10641bd6ec8b411001,24,,S3_code,0.9896,1.04,1.6,0,0.7,0.708333,,demo,repository name indicates a demo or tutorial,False,True
get-select__dbt-snowflake-monitoring,https://github.com/get-select/dbt-snowflake-monitoring.git,success,30,2022-10-30,2026-03-09,1226,3.36,11,25,11,26,11,24,11,24,2.27,2.18,11,2022-10-30,2.27,core,3.85,0.75,0.9583,35,130,8,0,models,ff52462722e6e7eb8063d85f6434fb13dc780055,260,MIT,S2_topic_dbt;S3_code,0.9908,0.92,1.71,0,0.923077,0.041667,,package,repository name matches the dbt package convention,False,True
lightdash__lightdash,https://github.com/lightdash/lightdash.git,success,29,2023-10-12,2026-07-24,1015,2.78,8,63,8,63,7,35,7,35,7.88,5.0,10,2023-11-13,6.3,core,0.0,0.5385,0.5625,30,105,4,0,examples/full-jaffle-shop-demo/dbt/models,ad7fb929a074e6a2a50b35425774c524ed3782f3,6010,NOASSERTION,S2_topic_dbt,1.0,0.0,0.0,0,0.318182,0.416667,,estate,"no package, docs or demo signal",False,False
prefeitura-rio__queries-rj-smtr,https://github.com/prefeitura-rio/queries-rj-smtr.git,success,29,2022-03-03,2024-07-12,862,2.36,2,199,2,199,1,280,1,280,99.5,280.0,25,2022-04-28,7.96,core,0.0,0.5909,1.1961,30,56,9,0,models,933971ef4769872f2b34a01c0fa8ae22488bdb85,14,GPL-3.0,S2_topic_dbt;S3_code,0.9832,1.68,3.54,123,0.415584,0.160494,,estate,"no package, docs or demo signal",False,False
Health-Union__dbt-xdb,https://github.com/Health-Union/dbt-xdb.git,success,28,2020-03-18,2025-05-26,1895,5.19,5,51,5,51,0,0,0,0,10.2,,10,2020-03-31,5.1,extended,0.0,0.0312,0.0,40,558,0,0,test_xdb/models;xdb/models,46c23c1272eef98538e014675b9d394be3e137fe,9,Apache-2.0,S3_code,0.0,0.0,0.0,49,1.0,1.0,,package,repository name matches the dbt package convention,False,True
fivetran__dbt_shopify_source,https://github.com/fivetran/dbt_shopify_source.git,success,28,2020-09-29,2025-08-14,1780,4.87,10,178,10,178,5,89,5,89,17.8,17.8,10,2020-09-29,17.8,extended,0.0,0.0303,0.5,41,252,0,0,models,5645eb3e819809905af1a8cc6a9ff44daa7f43a8,31,Apache-2.0,S2_topic_dbt,1.0,0.0,0.0,0,0.5,0.5,,package,ships an integration_tests project,True,True
matsonj__nba-monte-carlo,https://github.com/matsonj/nba-monte-carlo.git,success,28,2022-10-26,2026-07-27,1370,3.75,35,63,31,71,48,122,44,122,1.8,2.54,35,2022-10-26,1.8,core,11.27,0.5968,1.6481,38,195,5,0,transform/models;nmc_transformer/models,6363a857bc1ba0ebaa31d6a68160949581c99169,605,MIT,S1_curated,0.9953,0.47,0.85,122,0.0,0.41791,,estate,"no package, docs or demo signal",False,True
stellar__stellar-dbt-public,https://github.com/stellar/stellar-dbt-public.git,success,28,2023-08-18,2026-07-31,1078,2.95,14,61,14,61,4,59,4,61,4.36,14.75,14,2023-08-18,4.36,extended,0.0,0.4571,0.8235,31,109,10,0,models,0a963e9f1250c275f1d02938920cd6e646d484d3,12,,S3_code,1.0,0.0,0.0,0,0.542857,0.98,,package,repository name matches the dbt package convention,False,True
PedramNavid__dagster,https://github.com/PedramNavid/dagster.git,success,27,2021-07-29,2025-12-19,1604,4.39,3,51,3,51,2,43,2,43,17.0,21.5,11,2022-06-07,4.64,extended,0.0,0.3125,0.8438,43,200,3,0,python_modules/libraries/dagster-dbt/dagster_dbt_tests/dbt_projects/test_dagster_metadata/models;python_modules/libraries/dagster-dbt/dagster_dbt_tests/dagster_dbt_python_test_project/models;examples/hacker_news/hacker_news_dbt/models;examples/docs_projects/project_atproto_dashboard/dbt_project/models;python_modules/libraries/dagster-dbt/dagster_dbt_tests/dbt_projects/fusion_compatible/jaffle_shop/models;examples/airlift-migration-tutorial/tutorial_example/shared/dbt/models;examples/assets_dbt_python/dbt_project/models;examples/assets_modern_data_stack/dbt_project/models;examples/assets_smoke_test/dbt_project/models;examples/docs_beta_snippets/docs_beta_snippets/guides/etl/transform-dbt/basic-dbt-project/models;examples/docs_projects/project_dbt/src/project_dbt/analytics/models;examples/docs_projects/project_etl_tutorial/transform/jdbt/models;examples/docs_snippets/docs_snippets/guides/etl/transform-dbt/basic-dbt-project/models;examples/experimental/dagster-airlift/dagster_airlift_tests/unit_tests/dbt_tests/dbt_project/models;examples/experimental/dagster-airlift/examples/tutorial-example/tutorial_example/shared/dbt/models;examples/hacker_news_assets/hacker_news_assets/activity_analytics/hacker_news_dbt/models;examples/project_analytics/dagster_pypi/dbt_project/models;examples/project_databricks_and_snowflake/projects/snowflake-medallion/src/snowflake_medallion/dbt_project/models;examples/project_fully_featured/dbt_project/models;examples/starlift-demo/dbt_example/shared/dbt/models;python_modules/libraries/dagster-dbt/dagster_dbt_tests/components/code_locations/dbt_project_location/defs/jaffle_shop_dbt/jaffle_shop/models;python_modules/libraries/dagster-dbt/dagster_dbt_tests/components/code_locations/dependency_on_dbt_project_location/defs/jaffle_shop_dbt/jaffle_shop/models;python_modules/libraries/dagster-dbt/dagster_dbt_tests/components/code_locations/templated_custom_keys_dbt_project_location/defs/jaffle_shop_dbt/jaffle_shop/models;python_modules/libraries/dagster-dbt/dagster_dbt_tests/dbt_projects/pre_packaged_jaffle_shop/models;python_modules/libraries/dagster-dbt/dagster_dbt_tests/dbt_projects/test_dagster_dbt_dependencies/models;python_modules/libraries/dagster-dbt/dagster_dbt_tests/dbt_projects/test_jaffle_with_profile_vars/models,539722819071aa7d07c8f670e161a3134591b4d1,0,Apache-2.0,S3_code,0.9893,1.07,1.83,0,0.333333,0.15625,,package,ships an integration_tests project,True,True
davidgasquez__filecoin-data-portal,https://github.com/davidgasquez/filecoin-data-portal.git,partial,27,2023-07-05,2026-03-06,975,2.67,3,17,3,17,1,11,1,13,5.67,11.0,10,2024-04-16,1.7,extended,0.0,0.6667,0.6875,33,127,8,0,dbt/models,42d78922ebdf5143d6aad939788a4454cf3f9992,35,MIT,S1_curated,1.0,0.0,0.0,0,0.0,0.411765,1 of 28 snapshots failed,estate,"no package, docs or demo signal",False,False
prefeitura-rio__pipelines_rj_smtr,https://github.com/prefeitura-rio/pipelines_rj_smtr.git,partial,27,2023-12-13,2026-05-15,883,2.42,120,447,19,447,149,701,6,701,3.73,4.7,120,2023-12-13,3.73,core,0.0,0.8446,1.5556,29,95,13,0,queries/models,0c465bcd57993a34212361129e849494ff3669a1,6,,S2_topic_dbt;S3_code,0.9127,8.73,17.56,387,0.609481,0.121673,1 of 28 snapshots failed,estate,"no package, docs or demo signal",False,True
sacundim__covid-19-puerto-rico,https://github.com/sacundim/covid-19-puerto-rico.git,success,27,2021-11-03,2024-09-03,1034,2.83,52,90,52,97,54,76,54,83,1.73,1.41,52,2021-11-03,1.73,core,7.22,0.6711,0.8816,32,157,5,0,aws/athena-dbt/models;athena-dbt/models,dbb0878d5e424b20ea8342f6e4f230fc922621f1,13,,S3_code,1.0,0.0,0.0,21,0.302632,0.381579,,estate,"no package, docs or demo signal",False,True
tuva-health__medicare_cclf_connector,https://github.com/tuva-health/medicare_cclf_connector.git,success,27,2022-05-18,2026-04-15,1428,3.91,7,40,7,40,5,50,5,50,5.71,10.0,10,2023-01-14,4.0,core,0.0,0.8571,0.7143,39,222,5,0,models,603a258e3c649d6a4eb7d0835e8efc7d79371204,15,Apache-2.0,S2_topic_analytics-engineering;S2_topic_dbt,0.949,5.1,6.48,0,1.0,0.103448,,package,ships an integration_tests project,True,True
elementary-data__elementary,https://github.com/elementary-data/elementary.git,success,26,2022-04-13,2026-03-04,1420,3.89,1,15,1,18,0,1,0,4,15.0,,10,2023-06-12,1.5,extended,16.67,0.375,0.0667,46,358,2,0,elementary/monitor/dbt_project/models;monitor/dbt_project/models;tests/tests_with_db/dbt_project/models,594b89d1098fd23838fa93554110bec98152cb4e,2383,Apache-2.0,S2_topic_dbt,0.5106,48.94,16.44,92,0.090909,0.0,,estate,"no package, docs or demo signal",False,True
prefeitura-rio__queries-datario,https://github.com/prefeitura-rio/queries-datario.git,success,26,2021-12-06,2024-08-26,994,2.72,2,53,2,55,1,0,0,1,26.5,0.0,29,2022-02-23,1.83,extended,3.64,0.0333,0.0,34,164,1,0,models,0b6b9caf52a23f3aca11e120bf3c8fc383420c9b,5,GPL-3.0,S2_topic_dbt;S3_code,1.0,0.0,0.0,0,1.0,0.0,,estate,"no package, docs or demo signal",False,False
snowplow__dbt-snowplow-web,https://github.com/snowplow/dbt-snowplow-web.git,success,26,2021-07-14,2023-11-27,865,2.37,26,29,23,31,45,32,32,48,1.12,0.71,26,2021-07-14,1.12,core,6.45,1.0,1.6,34,79,5,0,models,fe1fbc17e932d32cd9331b7f88827c23637ea674,65,NOASSERTION,S2_topic_dbt;S3_code,0.9294,7.06,14.84,0,1.0,0.913043,,package,ships an integration_tests project,True,True
brooklyn-data__dbt_artifacts,https://github.com/brooklyn-data/dbt_artifacts.git,success,25,2021-03-05,2026-07-31,1974,5.4,13,46,13,46,16,55,11,55,3.54,3.44,13,2021-03-05,3.54,extended,0.0,0.2174,0.7059,39,368,10,0,models,3d27645ae3d664b405498ebfd025432396b5568f,400,Apache-2.0,S2_topic_dbt,0.9819,1.81,3.28,0,0.676471,0.0,,package,ships an integration_tests project,True,True
fivetran__dbt_netsuite_source,https://github.com/fivetran/dbt_netsuite_source.git,success,25,2021-01-08,2025-07-07,1641,4.49,34,84,34,84,17,42,17,42,2.47,2.47,34,2021-01-08,2.47,extended,0.0,0.025,0.5,80,168,0,0,models,b233689af981c4d45219753b1606037ea63c0994,16,Apache-2.0,S2_topic_dbt,1.0,0.0,0.0,0,0.5,0.47561,,package,ships an integration_tests project,True,True
fivetran__dbt_intercom,https://github.com/fivetran/dbt_intercom.git,success,24,2020-12-09,2026-06-22,2021,5.53,10,42,9,42,8,50,8,50,4.2,6.25,10,2020-12-09,4.2,core,0.0,1.0,1.0833,43,601,9,0,models,067394cd42e7f9cdc52e6708dc91b6f820ba6074,6,Apache-2.0,S2_topic_dbt;S3_code,1.0,0.0,0.0,0,0.5,0.5,,package,ships an integration_tests project,True,True
dcaribou__transfermarkt-datasets,https://github.com/dcaribou/transfermarkt-datasets.git,success,23,2023-05-23,2026-08-03,1167,3.2,15,23,15,23,16,27,16,27,1.53,1.69,15,2023-05-23,1.53,extended,0.0,0.8824,1.1579,36,382,3,0,dbt/models,af8c44a0f9faf8de9f0ab08818cc0b51e36240e4,464,CC0-1.0,S2_topic_dbt;S3_code,1.0,0.0,0.0,0,0.0,0.764706,,estate,"no package, docs or demo signal",False,True
duneanalytics__spellbook,https://github.com/duneanalytics/spellbook.git,partial,23,2022-09-22,2024-07-12,658,1.8,180,1572,180,3673,219,1558,219,4442,8.73,7.11,180,2022-09-22,8.73,extended,57.2,0.6328,1.2408,30,32,12,0,models;sources,d5f9581ed45a3b715e32b4057e963b51edfb84d8,1511,NOASSERTION,S1_curated;S3_code,0.5729,42.71,53.79,243,0.945441,0.691614,25 of 48 snapshots failed,estate,"no package, docs or demo signal",False,True
fivetran__dbt_iterable,https://github.com/fivetran/dbt_iterable.git,success,23,2021-04-12,2026-06-22,1897,5.19,6,46,6,46,4,50,4,50,7.67,12.5,19,2021-06-30,2.42,extended,0.0,0.9474,1.0556,75,377,4,0,models,0b65c481a984f8f0e63829366dae317bae955e63,4,Apache-2.0,S2_topic_dbt;S3_code,1.0,0.0,0.0,0,0.944444,0.333333,,package,ships an integration_tests project,True,True
fivetran__dbt_quickbooks_source,https://github.com/fivetran/dbt_quickbooks_source.git,success,23,2021-02-05,2025-09-11,1679,4.6,72,80,72,80,36,40,36,40,1.11,1.11,72,2021-02-05,1.11,extended,0.0,0.025,0.5,47,326,0,0,models,a5c2c6a6259d7814439fb99f65e051c90b9e0f41,10,Apache-2.0,S2_topic_dbt,1.0,0.0,0.0,0,0.5,0.475,,package,ships an integration_tests project,True,True
oracle__dbt-oracle,https://github.com/oracle/dbt-oracle.git,success,23,2022-04-14,2026-08-03,1572,4.3,10,24,10,24,3,5,3,5,2.4,1.67,10,2022-04-14,2.4,extended,0.0,0.1111,0.1765,53,242,0,0,dbt_adbs_test_project/models,bfacc38f17291253650c4bb1dbff7472fe342c7a,66,Apache-2.0,S2_topic_dbt;S3_code,0.9342,6.58,2.38,0,0.0,0.166667,,package,repository name matches the dbt package convention,False,True
sfc-gh-dflippo__snowflake-dbt-demo,https://github.com/sfc-gh-dflippo/snowflake-dbt-demo.git,success,23,2022-02-04,2026-01-29,1454,3.98,13,35,13,35,7,27,7,27,2.69,3.86,13,2022-02-04,2.69,extended,0.0,0.6667,0.7143,60,202,3,0,models,49e0db05fd4f542c4ce34e24da5d537ceae9b3e0,34,Apache-2.0,S3_code,0.9452,5.48,7.46,0,0.315789,0.368421,,demo,repository name indicates a demo or tutorial,False,True
DalgoT4D__dbt_shofco,https://github.com/DalgoT4D/dbt_shofco.git,success,22,2017-05-20,2026-07-15,3342,9.15,1,87,1,94,0,63,0,70,87.0,,36,2024-11-08,2.42,extended,7.45,0.1774,0.6508,29,1686,8,0,models,5e65bb24c9a7256f2bc99a2856c7c34f92f8e031,0,,S3_code,0.9979,0.21,0.28,0,0.67033,0.482759,,package,repository name matches the dbt package convention,False,True
fivetran__dbt_google_ads,https://github.com/fivetran/dbt_google_ads.git,success,22,2020-11-04,2026-06-22,2056,5.63,3,40,3,40,0,48,0,48,13.33,,29,2025-08-15,1.38,extended,0.0,0.1667,0.0,91,267,3,0,models,5f90a793a56a4d734d5365d35032de0a7969a767,26,Apache-2.0,S2_topic_dbt;S3_code,1.0,0.0,0.0,0,1.0,1.0,,package,ships an integration_tests project,True,True
gseda19__grasya-snowflake,https://github.com/gseda19/grasya-snowflake.git,success,22,2024-05-15,2026-07-30,805,2.2,3,2,2,13,1,0,0,4,0.67,0.0,10,2025-02-11,0.2,extended,84.62,0.5,0.2857,30,103,4,0,models,bc1d3dfb3a16e6ca4eb1cfd6672826f6dd563d10,0,,S3_code,1.0,0.0,0.0,0,0.153846,0.083333,,estate,"no package, docs or demo signal",False,True
beyondessential__tamanu-source-dbt,https://github.com/beyondessential/tamanu-source-dbt.git,partial,21,2024-09-18,2026-08-02,682,1.87,55,224,55,224,0,220,0,293,4.07,,55,2024-09-18,4.07,extended,0.0,0.7063,1.5594,30,85,9,0,models,256986f3f259c2dafe151c67c5ffc8ff838bdbe5,0,,S3_code,1.0,0.0,0.0,1,0.699301,0.012987,4 of 25 snapshots failed,package,repository name matches the dbt package convention,False,True
fivetran__dbt_facebook_ads_source,https://github.com/fivetran/dbt_facebook_ads_source.git,success,21,2020-07-29,2025-06-25,1792,4.91,1,24,1,24,0,12,0,12,24.0,,12,2020-12-17,2.0,extended,0.0,0.1667,0.5,47,365,0,0,models,08485e2cddd9dbb1055a7975c5ec70a09fd24215,16,Apache-2.0,S2_topic_dbt,1.0,0.0,0.0,0,0.5,0.5,,package,ships an integration_tests project,True,True
fivetran__dbt_google_ads_source,https://github.com/fivetran/dbt_google_ads_source.git,success,21,2020-11-04,2025-06-25,1694,4.64,6,22,6,22,3,11,3,11,3.67,3.67,18,2021-09-28,1.22,extended,0.0,0.1,0.5,58,266,0,0,models,1ed0ed7d5ac36d760035c3e7493f49aa8c808b7c,12,Apache-2.0,S2_topic_dbt,1.0,0.0,0.0,0,0.5,0.5,,package,ships an integration_tests project,True,True
fivetran__dbt_salesforce_source,https://github.com/fivetran/dbt_salesforce_source.git,success,21,2020-05-08,2025-06-26,1875,5.13,4,14,4,42,0,0,0,21,3.5,,12,2021-05-28,1.17,extended,66.67,0.0909,0.5,91,346,1,0,models,6a060f9957d27d287fa5b55bc27ed0e92d1d96a4,13,Apache-2.0,S2_topic_dbt,1.0,0.0,0.0,0,0.5,0.5,,package,ships an integration_tests project,True,True
fivetran__dbt_xero,https://github.com/fivetran/dbt_xero.git,partial,21,2021-03-31,2026-07-27,1944,5.32,5,44,5,44,4,53,4,53,8.8,13.25,36,2025-08-18,1.22,extended,0.0,0.8,0.8,74,375,6,0,models,51d236fe63baa3804923b791fae5302f81889517,12,Apache-2.0,S2_topic_dbt,1.0,0.0,0.0,0,0.8,0.6,1 of 22 snapshots failed,package,ships an integration_tests project,True,True
T-Dunlap__dbt_demo_project,https://github.com/T-Dunlap/dbt_demo_project.git,success,20,2022-06-09,2024-08-13,796,2.18,21,29,21,29,19,25,19,25,1.38,1.32,21,2022-06-09,1.38,extended,0.0,0.7241,0.8621,39,85,2,0,models,dae9f690f3193b6c9db15a9ca3377398bc78c234,1,,S3_code,1.0,0.0,0.0,0,0.884615,0.653846,,demo,repository name indicates a demo or tutorial,False,True
cagov__caldata-mdsa-caltrans-pems,https://github.com/cagov/caldata-mdsa-caltrans-pems.git,success,20,2023-10-12,2025-08-13,670,1.83,1,104,1,104,0,132,0,132,104.0,,11,2024-03-08,9.45,extended,0.0,0.9126,1.2692,30,117,13,0,transform/models,0bfbd03906c4f7263b2012f6b16613f463ac0cfa,13,MIT,S3_code,0.9621,3.79,8.83,0,0.894231,0.298077,,estate,"no package, docs or demo signal",False,True
contactually__contactually-analytics,https://github.com/contactually/contactually-analytics.git,success,20,2016-08-24,2019-01-29,887,2.43,23,41,23,41,22,48,8,48,1.78,2.18,23,2016-08-24,1.78,extended,0.0,0.5294,0.7647,29,216,10,0,models,73912f9e91c1bfec4fc2aef04794daf7b2729ce5,0,,S3_code,1.0,0.0,0.0,0,0.0,0.0,,estate,"no package, docs or demo signal",False,False
fivetran__dbt_pinterest_source,https://github.com/fivetran/dbt_pinterest_source.git,success,20,2020-08-16,2025-06-25,1773,4.85,4,26,4,26,0,13,0,13,6.5,,20,2022-07-05,1.3,extended,0.0,0.1,0.5,54,392,0,0,models,b284d4f5fe36fb579dc57e0816d5a7d5781733ee,2,Apache-2.0,S2_topic_dbt,1.0,0.0,0.0,0,0.5,0.5,,package,ships an integration_tests project,True,True
MTES-MCT__dossierfacile-data,https://github.com/MTES-MCT/dossierfacile-data.git,success,19,2024-12-17,2026-07-15,574,1.57,1,49,1,49,0,43,0,45,49.0,,18,2025-02-14,2.72,extended,0.0,0.6531,0.9167,32,58,10,0,models,d4aeeb6ec1af9b9044fe650f0a8994f27f42e29b,0,MIT,S3_code,1.0,0.0,0.0,0,0.44898,0.408163,,estate,"no package, docs or demo signal",False,True
cagov__data-infrastructure,https://github.com/cagov/data-infrastructure.git,partial,19,2022-10-12,2026-02-25,1231,3.37,2,29,2,29,1,19,1,19,14.5,19.0,17,2024-12-23,1.71,extended,0.0,0.75,0.6552,42,230,0,0,transform/models,bc3e154fc3f8384d865a8dbcdbbbb960fae04c28,25,MIT,S1_curated;S3_code,1.0,0.0,0.0,0,1.0,0.75,1 of 20 snapshots failed,estate,"no package, docs or demo signal",False,True
fivetran__dbt_facebook_ads,https://github.com/fivetran/dbt_facebook_ads.git,success,19,2020-07-29,2026-06-22,2154,5.9,1,34,1,34,0,50,0,50,34.0,,10,2025-04-29,3.4,extended,0.0,1.0,0.75,104,488,2,0,models,27180ace3c72d43f14292cd79b6d3d1134a9a42b,53,Apache-2.0,S2_topic_dbt;S3_code,1.0,0.0,0.0,0,0.8,0.352941,,package,ships an integration_tests project,True,True
fivetran__dbt_salesforce,https://github.com/fivetran/dbt_salesforce.git,success,19,2020-05-08,2026-07-20,2264,6.2,9,31,5,31,11,32,4,32,3.44,2.91,12,2023-10-27,2.58,extended,0.0,0.5556,0.5556,97,426,2,0,models,87e05378f2f5de92911624492f03137adfbfd138,53,Apache-2.0,S2_topic_dbt;S3_code,1.0,0.0,0.0,0,0.8,0.666667,,package,ships an integration_tests project,True,True
flexanalytics__dbt-business-intelligence,https://github.com/flexanalytics/dbt-business-intelligence.git,success,19,2022-05-05,2025-07-16,1168,3.2,11,10,10,12,11,6,6,11,0.91,0.55,11,2022-05-05,0.91,extended,16.67,0.3636,0.6,42,241,2,0,models,413f2ca4b48a3894f190493f0f9a986eeb2dcd63,160,,S3_code,1.0,0.0,0.0,66,0.5,0.2,,package,repository name matches the dbt package convention,False,True
gnosischain__dbt-cerebro,https://github.com/gnosischain/dbt-cerebro.git,success,19,2024-09-25,2026-07-31,674,1.85,18,1251,11,1251,11,1726,5,1726,69.5,156.91,18,2024-09-25,69.5,extended,0.0,0.4607,0.8701,29,166,17,0,models,4e4d705f033172959bae70b3204330ce2a328712,0,MIT,S3_code,0.9924,0.76,1.19,30,0.991342,0.590734,,package,repository name matches the dbt package convention,False,True
ImpulsoGov__saude-mental-indicadores,https://github.com/ImpulsoGov/saude-mental-indicadores.git,partial,18,2022-07-18,2024-11-14,849,2.32,10,128,10,128,8,115,8,115,12.8,14.38,10,2022-07-18,12.8,extended,0.0,0.6797,0.8651,35,150,6,0,models;sources,c26a69af770d190534bb1f719b6ca41a7c2be8df,5,,S2_topic_dbt;S3_code,1.0,0.0,0.0,302,1.0,0.0,1 of 19 snapshots failed,estate,"no package, docs or demo signal",False,True
NYCPlanning__data-engineering,https://github.com/NYCPlanning/data-engineering.git,success,18,2024-03-29,2026-07-27,849,2.32,51,106,51,118,50,119,50,137,2.08,2.38,51,2024-03-29,2.08,extended,10.17,1.0,1.1515,31,200,4,0,products/green_fast_track/models;experimental/dm/airflow_dbt/dbt/jaffle_shop/models;experimental/dm/airflow_dbt/dbt/jaffle_shoppe/models;experimental/dm/dagster_dbt/dbt_jaffle_shop/models;experimental/dm/dagster_dbt/dbt_jaffle_shoppe/models;experimental/entities/models;products/factfinder/factfinder_dbt_qa/models,64313123f098363d32820212b0eabc5ec7778503,43,MIT,S3_code,0.6056,39.44,44.9,0,0.080808,0.10101,,estate,"no package, docs or demo signal",False,True
Som-Energia__somenergia-jardiner,https://github.com/Som-Energia/somenergia-jardiner.git,success,18,2022-11-09,2024-10-24,715,1.96,54,167,54,167,53,186,53,186,3.09,3.51,54,2022-11-09,3.09,extended,0.0,0.8319,1.1067,37,108,12,0,dbt_jardiner/models,a1bf32b3c066bf882bc83ebeee784edc3ea984a9,4,GPL-3.0,S3_code,0.9961,0.39,0.85,9,0.292994,0.071856,,estate,"no package, docs or demo signal",False,True
Stevedow99__dbt_snowflake_demo_sandbox,https://github.com/Stevedow99/dbt_snowflake_demo_sandbox.git,success,18,2022-09-13,2026-02-19,1254,3.43,21,96,21,96,20,55,20,55,4.57,2.75,21,2022-09-13,4.57,extended,0.0,0.4255,0.6757,40,397,2,0,models,790cfb31e6103250efbf65750eff33daca71743a,1,,S3_code,1.0,0.0,0.0,0,0.340426,0.340426,,package,ships an integration_tests project,True,True
dbt-labs__jaffle-sl-template,https://github.com/dbt-labs/jaffle-sl-template.git,success,18,2023-06-23,2025-08-19,788,2.16,8,10,8,19,7,9,7,9,1.25,1.29,10,2023-08-18,1.0,extended,47.37,0.8,0.9,37,120,3,0,models,c54c8fb8bea86c0c4d3d5c588d55f8de9de57ade,32,,S3_code,1.0,0.0,0.0,0,0.8,0.8,,estate,"no package, docs or demo signal",False,True
fivetran__dbt_jira_source,https://github.com/fivetran/dbt_jira_source.git,success,18,2020-12-11,2025-07-21,1682,4.61,32,34,28,34,16,17,14,17,1.06,1.06,32,2020-12-11,1.06,extended,0.0,0.0588,0.5,43,862,0,0,models,e60b0594af6946462676770125c2f310abf889de,15,Apache-2.0,S2_topic_dbt,1.0,0.0,0.0,0,0.5,0.470588,,package,ships an integration_tests project,True,True
fivetran__dbt_microsoft_ads_source,https://github.com/fivetran/dbt_microsoft_ads_source.git,success,18,2020-09-03,2025-06-25,1756,4.81,5,24,5,24,0,12,0,12,4.8,,22,2022-07-07,1.09,extended,0.0,0.0909,0.5,69,315,1,0,models,571c5aa71d746da310ac808069864bcffc1c58e2,4,Apache-2.0,S2_topic_dbt,1.0,0.0,0.0,0,0.5,0.5,,package,ships an integration_tests project,True,True
frizzleqq__f1-dbt-duckdb,https://github.com/frizzleqq/f1-dbt-duckdb.git,success,18,2022-08-21,2025-04-11,963,2.64,5,21,5,25,3,23,3,23,4.2,7.67,14,2022-10-16,1.5,extended,16.0,0.28,0.6667,40,236,4,0,dbt/models,70edd0528690378fe48853cf51c2a09a41b13bca,2,,S2_topic_dbt,1.0,0.0,0.0,3,0.0,0.48,,package,repository name matches the dbt package convention,False,True
re-data__dbt-re-data,https://github.com/re-data/dbt-re-data.git,success,18,2021-06-08,2024-04-29,1056,2.89,18,26,18,32,7,16,5,17,1.44,2.29,18,2021-06-08,1.44,extended,18.75,0.44,0.56,38,285,15,0,models,c93f125b3f4350fac914cfd82c0db37a30c81ad0,102,NOASSERTION,S2_topic_dbt,0.9579,4.21,4.1,241,0.190476,0.055556,,package,ships an integration_tests project,True,True
snowplow__dbt-snowplow-media-player,https://github.com/snowplow/dbt-snowplow-media-player.git,success,18,2022-02-09,2026-05-22,1563,4.28,8,16,8,16,8,12,8,17,2.0,1.5,16,2023-09-15,1.0,extended,0.0,1.0,1.0,55,308,3,0,models,941a77f7c4792d1397e40370c4c40553d7a123ab,9,NOASSERTION,S2_topic_dbt;S3_code,0.8351,16.49,26.79,0,1.0,0.9375,,package,ships an integration_tests project,True,True
thegoodparty__gp-data-platform,https://github.com/thegoodparty/gp-data-platform.git,success,18,2025-03-26,2026-08-04,496,1.36,15,858,15,858,1,483,1,483,57.2,483.0,15,2025-03-26,57.2,extended,0.0,0.1562,0.2494,29,35,25,0,dbt/project/models,216eba7b811c84922741c7faafda5625857d51a3,3,NOASSERTION,S3_code,0.9893,1.07,0.44,17,0.988796,0.623392,,estate,"no package, docs or demo signal",False,True
coding-is-for-losers__seo-audit,https://github.com/coding-is-for-losers/seo-audit.git,success,17,2018-04-20,2021-01-06,991,2.71,34,25,19,35,54,37,28,55,0.74,0.69,34,2018-04-20,0.74,extended,28.57,1.0,1.5,29,489,5,0,models,c7cea06992bdbfc5380be22496c08de6c06a2dc8,4,,S3_code,1.0,0.0,0.0,0,0.0,0.0,,estate,"no package, docs or demo signal",False,False
dbt-labs__dbt-onboarding-exemplar,https://github.com/dbt-labs/dbt-onboarding-exemplar.git,success,17,2021-10-28,2024-11-08,1107,3.03,18,37,18,39,19,28,19,28,2.06,1.47,18,2021-10-28,2.06,extended,5.13,0.9091,1.0455,56,200,11,0,models,a1c3a12938e2130505e87cf9073e21a3cdc1f1f6,26,,S3_code,1.0,0.0,0.0,0,0.869565,0.782609,,package,repository name matches the dbt package convention,False,True
fivetran__dbt_klaviyo,https://github.com/fivetran/dbt_klaviyo.git,success,17,2021-05-21,2026-06-22,1858,5.09,8,18,8,18,7,21,7,21,2.25,3.0,18,2025-08-14,1.0,extended,0.0,1.0,0.875,108,379,5,0,models,9b5a32ecefb393dfb6ce84abc16de6ae3d65eb47,7,Apache-2.0,S2_topic_dbt,0.9752,2.48,5.1,0,1.0,1.0,,package,ships an integration_tests project,True,True
fivetran__dbt_pinterest,https://github.com/fivetran/dbt_pinterest.git,success,17,2020-08-16,2026-06-22,2136,5.85,6,34,6,34,5,46,0,46,5.67,9.2,34,2025-08-13,1.0,extended,0.0,0.1667,0.0,105,412,1,0,models,d3cfa7b113476962499ba5500e73be8398109645,3,Apache-2.0,S2_topic_dbt;S3_code,1.0,0.0,0.0,0,1.0,1.0,,package,ships an integration_tests project,True,True
fivetran__dbt_snapchat_ads,https://github.com/fivetran/dbt_snapchat_ads.git,success,17,2021-04-28,2026-06-22,1881,5.15,5,30,5,30,4,43,2,43,6.0,10.75,30,2025-08-18,1.0,extended,0.0,0.5,0.3333,110,311,2,0,models,011fde6a92be66e5e05737187d9fa9ba206b1b9d,2,Apache-2.0,S2_topic_dbt,1.0,0.0,0.0,0,0.833333,0.833333,,package,ships an integration_tests project,True,True
giftHEALTH__dbt_zendesk_source,https://github.com/giftHEALTH/dbt_zendesk_source.git,success,17,2020-08-16,2025-03-03,1659,4.54,12,38,9,38,0,19,0,19,3.17,,12,2020-08-16,3.17,extended,0.0,0.0667,0.5,66,706,0,0,models,7c4470e40b4330e5e3796462e5368a6dfcc289ff,0,Apache-2.0,S3_code,1.0,0.0,0.0,0,0.5,0.3,,package,ships an integration_tests project,True,True
prefeitura-rio__queries-rj-iplanrio,https://github.com/prefeitura-rio/queries-rj-iplanrio.git,success,17,2025-04-16,2026-08-04,475,1.3,2,538,2,538,0,286,0,286,269.0,,18,2025-05-23,29.89,extended,0.0,0.0892,0.4902,30,37,3,0,models,874f335db068bb1b7cae8f7bec73c5164fe5ed5a,2,,S3_code,1.0,0.0,0.0,0,0.732342,0.236527,,estate,"no package, docs or demo signal",False,True
rittmananalytics__ra_data_warehouse,https://github.com/rittmananalytics/ra_data_warehouse.git,success,17,2020-06-14,2022-02-14,609,1.67,140,241,140,242,102,173,96,176,1.72,1.7,140,2020-06-14,1.72,extended,0.41,0.3595,0.7273,30,166,9,0,models,d8dc7bd1c008ca79f9d09c909734e28a66ef6366,271,Apache-2.0,S3_code,0.9762,2.38,2.63,0,0.128049,0.191781,,estate,"no package, docs or demo signal",False,True
SQLMesh__sqlmesh,https://github.com/SQLMesh/sqlmesh.git,success,16,2023-04-03,2026-07-22,1206,3.3,4,26,4,26,2,11,2,11,6.5,5.5,11,2024-02-29,2.36,extended,0.0,0.28,0.4231,41,251,2,0,tests/fixtures/dbt/sushi_test/models;examples/sushi_dbt/packages/customers/models;examples/multi_dbt/bronze/models;examples/multi_dbt/silver/models;examples/multi_hybrid/dbt_repo/models;tests/fixtures/dbt/jaffle_shop_duckdb/models;tests/fixtures/dbt/sushi_test/packages/my_package/models,40a24dd6350866b11a37363aeab0fbf4eaaf1e1d,3233,Apache-2.0,S2_topic_dbt,1.0,0.0,0.0,0,0.0,0.090909,,estate,"no package, docs or demo signal",False,True
chienazazaz__sado_analytics_services,https://github.com/chienazazaz/sado_analytics_services.git,success,16,2023-12-08,2025-02-17,436,1.19,137,209,137,209,102,181,102,181,1.53,1.77,137,2023-12-08,1.53,extended,0.0,0.4093,0.8315,30,41,10,0,models,2c754e571a0e755850358fc1a918b9a962b117f3,1,,S2_topic_dbt-core;S3_code,0.984,1.6,2.67,30,0.243902,0.207921,,estate,"no package, docs or demo signal",False,False
dracotrid__soa-analytics-dbt,https://github.com/dracotrid/soa-analytics-dbt.git,success,16,2025-05-19,2026-08-03,440,1.2,12,134,12,134,0,0,0,0,11.17,,12,2025-05-19,11.17,extended,0.0,0.0149,0.0,29,46,0,0,models,e59c0c965da5316c18cdc7153c59343b1aa01bcc,0,,S3_code,0.0,0.0,0.0,0,1.0,0.060606,,package,repository name matches the dbt package convention,False,True
fivetran__dbt_linkedin,https://github.com/fivetran/dbt_linkedin.git,success,16,2020-08-10,2026-06-22,2142,5.86,4,25,4,25,3,40,0,40,6.25,13.33,25,2025-08-14,1.0,extended,0.0,0.2,0.0,112,496,0,0,models,32ae9638e669435dd56efb9e564a73880d7b2a47,3,Apache-2.0,S2_topic_dbt,1.0,0.0,0.0,0,1.0,1.0,,package,ships an integration_tests project,True,True
google__fhir-dbt-analytics,https://github.com/google/fhir-dbt-analytics.git,success,16,2022-10-18,2024-12-10,783,2.14,79,187,79,233,39,27,27,212,2.37,0.69,79,2022-10-18,2.37,extended,19.74,0.7095,0.8727,30,333,11,0,models,80414cad9779ebe483f5feb4171fdc3b2464767b,60,Apache-2.0,S2_topic_dbt,1.0,0.0,0.0,842,0.058824,0.010695,,package,repository name matches the dbt package convention,False,True
prefeitura-rio__pipelines_rj_civitas,https://github.com/prefeitura-rio/pipelines_rj_civitas.git,success,16,2024-06-25,2026-07-27,761,2.08,2,44,2,44,1,42,1,42,22.0,42.0,10,2024-08-22,4.4,extended,0.0,0.3,0.4,41,128,2,0,queries/models,02799bd41f5e1919de1728ede4ddfe8f10ba0445,3,,S3_code,1.0,0.0,0.0,0,0.576923,0.2,,estate,"no package, docs or demo signal",False,True
snowplow__dbt-snowplow-ecommerce,https://github.com/snowplow/dbt-snowplow-ecommerce.git,success,16,2022-12-14,2026-06-12,1275,3.49,16,16,16,16,22,19,18,23,1.0,0.86,16,2022-12-14,1.0,extended,0.0,0.75,1.1875,52,298,2,0,models,2571d1512244335ee8823c42590314eece60ee7d,8,NOASSERTION,S3_code,0.8689,13.11,26.56,0,1.0,0.875,,package,ships an integration_tests project,True,True
snowplow__dbt-snowplow-mobile,https://github.com/snowplow/dbt-snowplow-mobile.git,success,16,2021-12-06,2023-11-22,715,1.96,24,19,19,25,35,21,21,36,0.79,0.6,24,2021-12-06,0.79,extended,24.0,1.0,1.44,43,98,3,0,models,fe0b4872a64214e2e3e9ef6349d022a1abff44c5,15,NOASSERTION,S2_topic_dbt;S3_code,0.7904,20.96,37.31,0,1.0,0.96,,package,ships an integration_tests project,True,True
EqualExperts__dbt-unit-testing,https://github.com/EqualExperts/dbt-unit-testing.git,success,15,2021-10-27,2024-04-19,905,2.48,2,55,2,55,1,3,0,4,27.5,3.0,20,2022-04-16,2.75,extended,0.0,0.1143,0.0667,61,188,0,0,integration-tests/models;data-models/models;jaffle-shop/models,fbfd8967ddd9b6c919e2ba487e9f37f75950c4e0,448,MIT,S3_code,0.8857,11.43,1.75,0,0.028571,0.114286,,package,repository name matches the dbt package convention,False,True
OHDSI__dbt-synthea,https://github.com/OHDSI/dbt-synthea.git,success,15,2024-02-17,2026-01-08,690,1.89,57,87,57,92,117,115,113,147,1.53,0.98,57,2024-02-17,1.53,extended,5.43,0.7011,1.6667,42,117,6,0,models,33fdbfa9b354f00def5ee6e45525cb2da80e0ddf,40,Apache-2.0,S3_code,0.4564,54.36,46.66,0,0.643678,0.639535,,package,repository name matches the dbt package convention,False,True
Porte-Bleue__mongo-to-postgres-etl,https://github.com/Porte-Bleue/mongo-to-postgres-etl.git,success,15,2022-03-15,2025-03-26,1106,3.03,15,28,15,28,17,36,17,36,1.87,2.12,15,2022-03-15,1.87,extended,0.0,1.0,1.2308,53,335,5,0,dbt-models/models,2c0713eeba8d2638fa698e7f41f2d3c80da9bd8b,19,,S2_topic_dbt,1.0,0.0,0.0,0,0.75,0.458333,,estate,"no package, docs or demo signal",False,True
covoiturage-gouv-fr__mono,https://github.com/covoiturage-gouv-fr/mono.git,success,15,2024-05-14,2026-07-30,806,2.21,1,597,1,597,0,86,0,86,597.0,,29,2024-09-11,20.59,extended,0.0,0.6038,0.8491,32,264,2,0,datalake/models;dbt/models,4c124217a5c5b352e711d19bc58f5868a2fe322c,36,Apache-2.0,S3_code,1.0,0.0,0.0,0,0.028476,0.0,,estate,"no package, docs or demo signal",False,True
fivetran__dbt_twitter,https://github.com/fivetran/dbt_twitter.git,success,15,2020-10-05,2026-06-22,2086,5.71,3,32,3,32,2,44,0,44,10.67,22.0,32,2025-08-18,1.0,extended,0.0,0.1667,0.0,119,480,0,0,models,48f695b9704ee0ee13a26ed50b09f805d0ae4bc3,2,Apache-2.0,S2_topic_dbt;S3_code,1.0,0.0,0.0,0,1.0,1.0,,package,ships an integration_tests project,True,True
fivetran__dbt_twitter_source,https://github.com/fivetran/dbt_twitter_source.git,success,15,2020-10-05,2025-07-31,1759,4.82,12,24,12,24,6,12,6,12,2.0,2.0,12,2020-10-05,2.0,extended,0.0,0.1,0.5,62,479,0,0,models,177aa846dddadc6e284ff66cacce45adee1b0927,2,Apache-2.0,S2_topic_dbt,1.0,0.0,0.0,0,0.5,0.5,,package,ships an integration_tests project,True,True
MattTriano__analytics_data_where_house,https://github.com/MattTriano/analytics_data_where_house.git,success,14,2022-12-08,2025-03-19,832,2.28,11,181,11,181,0,74,0,90,16.45,,11,2022-12-08,16.45,extended,0.0,0.1875,0.6957,35,302,6,0,airflow/dbt/models;re_dbt/models,a17de60c91787d37006b4754920357d8e5372fc3,11,AGPL-3.0,S2_topic_dbt,1.0,0.0,0.0,0,0.108911,0.09901,,estate,"no package, docs or demo signal",False,True
astronomer__astronomer-cosmos,https://github.com/astronomer/astronomer-cosmos.git,success,14,2023-04-13,2026-07-15,1189,3.26,5,30,5,30,5,30,5,30,6.0,6.0,10,2026-01-26,3.0,extended,0.0,0.7,1.0,57,295,4,0,dev/dags/dbt/jaffle_shop/models;dev/dags/dbt/cross_project/downstream/models;dev/dags/dbt/cross_project/project_a_bidirectional/models;dev/dags/dbt/cross_project/project_b_bidirectional/models;dev/dags/dbt/cross_project/upstream/models;dev/dags/dbt/jaffle_shop_python/models;dev/dags/dbt/multi_folder/models;dev/dags/dbt/multi_folder_failing/models;dev/dags/dbt/multiple_parents_test/models;dev/dags/dbt/watcher_downstream_not_skipped/models;dev/dags/dbt/watcher_failing_tests/models;dev/dags/dbt/watcher_upstream_failure_recovery/models;tests/sample/models;tests/sample/dbt_project_with_empty_model/models;tests/sample/mini/models,0b4ea05fb6b149eed5b0a12b3d19be7dda175d65,1236,Apache-2.0,S2_topic_dbt;S3_code,0.8129,18.71,25.0,0,0.625,1.0,,package,ships an integration_tests project,True,True
basedosdados__pipelines,https://github.com/basedosdados/pipelines.git,success,14,2025-06-04,2026-08-04,426,1.17,620,906,620,906,1,2,1,2,1.46,2.0,620,2025-06-04,1.46,extended,0.0,0.0031,0.0016,30,50,0,0,models,0438b497fcb05823beb7b00d5e8e4a19119cf71d,48,,S3_code,1.0,0.0,0.0,0,0.892424,0.631818,,estate,"no package, docs or demo signal",False,True
fivetran__dbt-language-server,https://github.com/fivetran/dbt-language-server.git,success,14,2022-01-05,2023-10-18,651,1.78,11,25,11,27,0,7,0,7,2.27,,11,2022-01-05,2.27,extended,7.41,0.2143,0.2174,35,152,1,0,e2e/projects/test-fixture/models;e2e/projects/special-python-settings/models;e2e/projects/two-projects/subfolder/project2/transformations/test,e055c2d361bcb1f4e3811c0c1620a4b533c6bb93,5,MIT,S3_code,0.7031,29.69,12.54,2,0.0,0.0,,package,repository name matches the dbt package convention,False,True
fivetran__dbt_iterable_source,https://github.com/fivetran/dbt_iterable_source.git,success,14,2021-04-20,2025-07-08,1539,4.21,26,26,26,28,13,13,13,14,1.0,1.0,26,2021-04-20,1.0,extended,7.14,0.0769,0.5,77,397,0,0,models,432fb80aa3802c5ccf3fbbf88f0043f484be0c7b,2,Apache-2.0,S2_topic_dbt,1.0,0.0,0.0,0,0.5,0.5,,package,ships an integration_tests project,True,True
fivetran__dbt_microsoft_ads,https://github.com/fivetran/dbt_microsoft_ads.git,success,14,2020-09-03,2026-06-22,2118,5.8,4,33,4,33,3,49,0,49,8.25,16.33,33,2025-08-14,1.0,extended,0.0,0.1429,0.0,108,590,0,0,models,dbb98f9a99c4e6aac0de1e87a61792c9a3de5f75,4,Apache-2.0,S2_topic_dbt;S3_code,1.0,0.0,0.0,0,1.0,1.0,,package,ships an integration_tests project,True,True
fivetran__dbt_snapchat_ads_source,https://github.com/fivetran/dbt_snapchat_ads_source.git,success,14,2021-04-28,2025-06-25,1519,4.16,14,22,14,22,7,11,7,11,1.57,1.57,14,2021-04-28,1.57,extended,0.0,0.1111,0.5,55,419,0,0,models,a30b92b21ca03f7fe676c572b6b466251f334cba,2,Apache-2.0,S2_topic_dbt,1.0,0.0,0.0,0,0.5,0.5,,package,ships an integration_tests project,True,True
fivetran__dbt_tiktok_ads_source,https://github.com/fivetran/dbt_tiktok_ads_source.git,success,14,2021-11-24,2025-06-17,1300,3.56,20,16,14,20,10,8,7,10,0.8,0.8,20,2021-11-24,0.8,extended,20.0,0.1429,0.5,53,315,0,0,models,7f63ecae213fb13c01dcfdd554cafe4ae516c701,2,Apache-2.0,S2_topic_dbt,1.0,0.0,0.0,0,0.5,0.5,,package,ships an integration_tests project,True,True
godatadriven__dbt-bouncer,https://github.com/godatadriven/dbt-bouncer.git,success,14,2024-07-25,2026-07-20,725,1.98,6,14,6,14,5,11,5,11,2.33,2.2,10,2025-10-17,1.4,extended,0.0,0.5455,0.7857,32,317,4,0,dbt_project/models;dbt_project/internal_package/models,447b9e3db4dcda1b1eb92bc3f461a4520b6bd157,123,MIT,S2_topic_dbt,1.0,0.0,0.0,0,0.727273,0.777778,,package,repository name matches the dbt package convention,False,True
medic__cht-pipeline,https://github.com/medic/cht-pipeline.git,success,14,2021-10-01,2026-06-16,1718,4.7,2,12,2,12,1,12,1,12,6.0,12.0,12,2024-12-06,1.0,extended,0.0,1.0,0.8889,70,568,5,0,models,c3ab509089f16005949ab473c70a1313d837b434,4,GPL-3.0,S3_code,1.0,0.0,0.0,0,0.0,0.75,,estate,"no package, docs or demo signal",False,True
michaelconan__personal-reporting-pipelines,https://github.com/michaelconan/personal-reporting-pipelines.git,success,14,2025-02-08,2026-07-10,517,1.42,3,18,3,18,2,16,2,16,6.0,8.0,11,2025-04-12,1.64,extended,0.0,0.5,0.6667,30,89,3,0,dbt/models;dbt/michael/models,0779ce66012234bcdccfba015310b2a9dbd032e0,1,,S2_topic_dbt,1.0,0.0,0.0,0,0.846154,0.846154,,estate,"no package, docs or demo signal",False,True
slide-rule-tech__dbt-nexus,https://github.com/slide-rule-tech/dbt-nexus.git,success,14,2025-05-21,2026-07-28,432,1.18,18,100,18,106,3,98,3,104,5.56,32.67,18,2025-05-21,5.56,extended,5.66,0.2473,0.98,33,69,10,0,models,d7beb83213a0fe810b88c51ab7285a468ba45cb0,3,,S3_code,0.7941,20.59,30.06,17,0.33,0.278481,,package,ships an integration_tests project,True,True
snowplow__dbt-snowplow-unified,https://github.com/snowplow/dbt-snowplow-unified.git,success,14,2023-09-12,2026-01-19,860,2.35,32,36,32,36,34,41,34,41,1.12,1.21,32,2023-09-12,1.12,extended,0.0,0.8611,1.1389,47,240,1,0,models,6df7562dbc963d13d58f75d39ca2e3ab2de7d41b,23,NOASSERTION,S3_code,0.95,5.0,11.29,0,0.972222,0.861111,,package,ships an integration_tests project,True,True
wnl-icb-analytics__dbt-OLIDS,https://github.com/wnl-icb-analytics/dbt-OLIDS.git,success,14,2025-06-05,2026-07-20,409,1.12,152,166,59,482,0,294,0,758,1.09,,152,2025-06-05,1.09,extended,65.56,0.7966,1.2542,30,42,10,0,models,6253438dfaa59ed190ba2719a1da307142c0c2ed,3,NOASSERTION,S3_code,0.9858,1.42,4.12,9,0.944444,0.305085,,package,repository name matches the dbt package convention,False,True
fivetran__dbt_asana,https://github.com/fivetran/dbt_asana.git,success,13,2020-07-02,2026-06-22,2181,5.97,19,40,18,40,24,59,22,59,2.11,2.46,19,2020-07-02,2.11,extended,0.0,1.0,1.2222,144,579,2,0,models,3a3ef622ddddbe0f43d155c55f3f0e69b7189b63,6,Apache-2.0,S2_topic_dbt;S3_code,1.0,0.0,0.0,0,1.0,1.0,,package,ships an integration_tests project,True,True
fivetran__dbt_github,https://github.com/fivetran/dbt_github.git,success,13,2020-05-22,2026-06-22,2222,6.08,13,43,13,43,13,51,13,51,3.31,3.92,13,2020-05-22,3.31,extended,0.0,1.0,1.0,153,622,2,0,models,e913743f666165c4b14fc7976f420e59873e9426,22,Apache-2.0,S2_topic_dbt,1.0,0.0,0.0,0,0.428571,0.4,,package,ships an integration_tests project,True,True
fivetran__dbt_github_source,https://github.com/fivetran/dbt_github_source.git,success,13,2020-05-26,2025-07-02,1863,5.1,11,28,11,28,0,14,0,14,2.55,,11,2020-05-26,2.55,extended,0.0,0.0714,0.5,187,467,0,0,models,470e60c48f27775b81c33d37de2baf6256546b50,9,Apache-2.0,S2_topic_dbt,1.0,0.0,0.0,0,0.5,0.392857,,package,ships an integration_tests project,True,True
fivetran__dbt_sage_intacct,https://github.com/fivetran/dbt_sage_intacct.git,success,13,2022-03-03,2026-06-22,1572,4.3,8,24,8,24,7,24,7,24,3.0,3.43,10,2023-12-01,2.4,extended,0.0,0.8889,1.0,166,236,4,0,models,b3aa7165e419065a75820b248fd46954bb20973c,8,Apache-2.0,S2_topic_dbt;S3_code,1.0,0.0,0.0,0,1.0,0.5,,package,ships an integration_tests project,True,True
prefeitura-rio-smas__pipelines,https://github.com/prefeitura-rio-smas/pipelines.git,success,13,2025-06-27,2026-07-31,399,1.09,4,141,4,141,3,189,3,195,35.25,63.0,13,2025-10-16,10.85,extended,0.0,0.4082,0.75,27,106,11,0,queries/models,c12ff82460ab61d99ecc939ffa1de14edb868592,0,,S3_code,0.9752,2.48,4.36,0,0.2,0.0625,,estate,"no package, docs or demo signal",False,True
slunsford__coffee-analytics,https://github.com/slunsford/coffee-analytics.git,success,13,2023-09-07,2026-07-15,1042,2.85,10,17,10,18,11,15,11,17,1.7,1.36,10,2023-09-07,1.7,extended,5.56,1.0,1.0909,44,413,10,0,models,47408ed64dfd4481e8ca20f5154e2f84ebecff56,1,,S3_code,0.975,2.5,5.43,0,0.388889,1.0,,estate,"no package, docs or demo signal",False,True
techindicium__dbt-dag-monitoring,https://github.com/techindicium/dbt-dag-monitoring.git,success,13,2023-03-15,2024-12-02,628,1.72,10,20,10,20,14,12,9,14,2.0,0.86,10,2023-03-15,2.0,extended,0.0,0.3333,0.5,44,215,4,0,models,3fba34b2ddc19b6586126988974c8946d24f2f0a,30,Apache-2.0,S3_code,1.0,0.0,0.0,0,0.277778,0.263158,,package,ships an integration_tests project,True,True
tuva-health__medicare_lds_connector,https://github.com/tuva-health/medicare_lds_connector.git,success,13,2022-08-16,2024-12-17,854,2.34,9,26,9,26,7,24,7,24,2.89,3.43,10,2022-12-06,2.6,extended,0.0,0.7273,0.7273,54,178,1,0,models,f5c8dc26c0f5ed84d6406eadbbbc0f0a53c87ac1,12,,S2_topic_analytics-engineering;S2_topic_dbt;S3_code,0.7956,20.44,18.82,0,1.0,0.0,,package,ships an integration_tests project,True,True
DamienAzzopardi__databird-ae,https://github.com/DamienAzzopardi/databird-ae.git,success,12,2024-11-19,2026-02-12,449,1.23,2,21,2,24,1,14,1,16,10.5,14.0,18,2025-02-11,1.17,extended,12.5,0.4348,0.6667,40,84,0,0,models,03ce7b3954dfad2ec50fccb6079fd7a0dd1e1733,0,,S3_code,1.0,0.0,0.0,0,0.833333,0.5,,estate,"no package, docs or demo signal",False,True
autotraderuk__dbt-dry-run,https://github.com/autotraderuk/dbt-dry-run.git,success,12,2022-07-04,2026-06-29,1456,3.99,3,126,3,126,1,3,1,3,42.0,3.0,103,2022-08-09,1.22,extended,0.0,0.018,0.025,64,687,0,0,integration/projects/test_incremental/models;integration/projects/test_project_with_external_tables/models;integration/projects/test_large_projects_complete_quickly/models;integration/projects/test_models_with_invalid_sql/models;integration/projects/test_partially_compiled_project/models;integration/projects/test_project_with_snapshots/models;integration/projects/test_sql_headers/models,a8589e721f4b391732ec7507d4923236010d863b,102,Apache-2.0,S2_topic_dbt;S3_code,1.0,0.0,0.0,0,0.0,0.0,,package,repository name matches the dbt package convention,False,False
basedosdados__archived-queries-basedosdados,https://github.com/basedosdados/archived-queries-basedosdados.git,success,12,2022-05-09,2023-07-11,428,1.17,4,69,4,69,1,1,1,1,17.25,1.0,24,2022-06-07,2.88,extended,0.0,0.04,0.02,26,133,0,0,models,303de1e33b9397c2ca1461f0fcf0e5b73b0b3876,7,,S2_topic_dbt,1.0,0.0,0.0,0,0.8125,0.02,,estate,"no package, docs or demo signal",False,False
datafold__demo,https://github.com/datafold/demo.git,success,12,2022-11-04,2025-03-18,865,2.37,3,13,3,13,2,6,2,6,4.33,3.0,10,2024-07-28,1.3,extended,0.0,1.0,0.75,62,219,0,0,models;sources,4f344e2cd1fb25555a9d3fad1e64673d7914c628,8,,S3_code,1.0,0.0,0.0,0,0.0,1.0,,demo,repository name indicates a demo or tutorial,False,False
echav95__dbt_relearn,https://github.com/echav95/dbt_relearn.git,success,12,2024-09-06,2026-03-10,550,1.51,9,24,9,25,6,13,6,13,2.67,2.17,15,2024-10-04,1.6,extended,4.0,0.25,0.5,45,110,1,0,models,721c2e7aec3151a12bb6e0fa3743392051b0e8a2,0,,S3_code,1.0,0.0,0.0,0,0.208333,0.166667,,package,repository name matches the dbt package convention,False,True
edanalytics__edu_ext_oneroster,https://github.com/edanalytics/edu_ext_oneroster.git,success,12,2023-11-02,2026-02-24,845,2.31,6,13,6,13,0,7,0,7,2.17,,10,2024-01-31,1.3,extended,0.0,0.3,0.4,30,331,0,0,models,d14d6469153dcf1e0cbe0df9e1f11d353db614a8,1,NOASSERTION,S3_code,1.0,0.0,0.0,0,0.7,0.6,,estate,"no package, docs or demo signal",False,False
fivetran__dbt_apple_search_ads_source,https://github.com/fivetran/dbt_apple_search_ads_source.git,success,12,2022-01-19,2025-06-25,1252,3.43,18,20,16,20,9,10,8,10,1.11,1.11,18,2022-01-19,1.11,extended,0.0,0.1,0.5,48,410,0,0,models,23cc16cb77661800704ab1265b3856395a57c096,3,Apache-2.0,S2_topic_dbt,1.0,0.0,0.0,0,0.5,0.5,,package,ships an integration_tests project,True,True
fivetran__dbt_apple_store,https://github.com/fivetran/dbt_apple_store.git,success,12,2022-04-27,2026-06-22,1517,4.15,21,59,12,59,16,117,16,117,2.81,7.31,21,2022-04-27,2.81,extended,0.0,0.4286,0.7619,143,278,9,0,models,1637ff6206784fa5617d9530dacc9dc1d24a2459,1,Apache-2.0,S2_topic_dbt,0.993,0.7,2.11,0,0.333333,0.333333,,package,ships an integration_tests project,True,True
fivetran__dbt_apple_store_source,https://github.com/fivetran/dbt_apple_store_source.git,success,12,2022-04-04,2025-06-26,1178,3.23,32,16,16,32,16,8,8,16,0.5,0.5,32,2022-04-04,0.5,extended,50.0,0.0625,0.5,84,363,0,0,models,d92c07e2fda09c18e138bcc57c772af7f3f6457b,2,Apache-2.0,S2_topic_dbt,1.0,0.0,0.0,0,0.5,0.5,,package,ships an integration_tests project,True,True
fivetran__dbt_greenhouse_source,https://github.com/fivetran/dbt_greenhouse_source.git,success,12,2021-03-01,2025-07-14,1595,4.37,62,62,62,62,31,31,31,31,1.0,1.0,62,2021-03-01,1.0,extended,0.0,0.0323,0.5,110,525,0,0,models,e5d7f275881df8e66ee170ba05e02688ef65fbc1,2,Apache-2.0,S2_topic_dbt,1.0,0.0,0.0,0,0.5,0.5,,package,ships an integration_tests project,True,True
fivetran__dbt_intercom_source,https://github.com/fivetran/dbt_intercom_source.git,success,12,2020-12-14,2025-06-26,1655,4.53,26,26,26,26,13,13,13,13,1.0,1.0,26,2020-12-14,1.0,extended,0.0,0.0769,0.5,102,598,0,0,models,2bce6ab597c37644357a95794c6280c003746623,3,Apache-2.0,S2_topic_dbt,1.0,0.0,0.0,0,0.5,0.461538,,package,ships an integration_tests project,True,True
fivetran__dbt_mailchimp,https://github.com/fivetran/dbt_mailchimp.git,success,12,2020-04-28,2026-06-22,2246,6.15,34,46,22,46,53,66,32,66,1.35,1.25,34,2020-04-28,1.35,extended,0.0,1.0,1.4545,207,490,2,0,models,64c110c9715022c5b5af06335edef31a1990ba82,3,Apache-2.0,S2_topic_dbt,1.0,0.0,0.0,0,0.409091,0.434783,,package,ships an integration_tests project,True,True
fivetran__dbt_marketo_source,https://github.com/fivetran/dbt_marketo_source.git,success,12,2020-06-03,2024-12-20,1660,4.54,16,28,16,29,4,14,4,17,1.75,3.5,16,2020-06-03,1.75,extended,3.45,0.2414,0.5,152,264,3,0,models,766cf7c97f2eee08003c688c0f1ed06938586485,4,Apache-2.0,S2_topic_dbt,1.0,0.0,0.0,0,0.071429,0.428571,,package,ships an integration_tests project,True,True
fivetran__dbt_recharge,https://github.com/fivetran/dbt_recharge.git,success,12,2023-04-05,2026-06-22,1174,3.21,7,44,7,44,9,46,8,46,6.29,5.11,10,2024-08-14,4.4,extended,0.0,0.7273,0.8889,53,341,3,0,models,d50142fbefdd38bd8f5110bdf4731ac080b48fcb,3,Apache-2.0,S2_topic_dbt;S3_code,1.0,0.0,0.0,0,1.0,0.666667,,package,ships an integration_tests project,True,True
fivetran__dbt_recurly,https://github.com/fivetran/dbt_recurly.git,success,12,2022-10-12,2026-06-22,1349,3.69,10,49,10,49,14,47,14,47,4.9,3.36,10,2022-10-12,4.9,extended,0.0,0.9231,1.2308,78,447,2,0,models,b8b545c7fe0e2078a6c946b20c0ed01d5905e332,4,Apache-2.0,S2_topic_dbt;S3_code,1.0,0.0,0.0,0,1.0,0.5,,package,ships an integration_tests project,True,True
fivetran__dbt_sage_intacct_source,https://github.com/fivetran/dbt_sage_intacct_source.git,success,12,2022-03-01,2025-06-26,1212,3.32,12,14,12,14,6,7,6,7,1.17,1.17,12,2022-03-01,1.17,extended,0.0,0.1667,0.5,33,344,0,0,models,8baf410c1439d3893ad3c71cae6f3c0f55a948f5,1,Apache-2.0,S2_topic_dbt,1.0,0.0,0.0,0,0.5,0.5,,package,ships an integration_tests project,True,True
intelmercbernoulli__dbt,https://github.com/intelmercbernoulli/dbt.git,success,12,2024-11-14,2026-03-25,495,1.36,5,87,5,87,1,67,1,67,17.4,67.0,28,2025-03-14,3.11,extended,0.0,0.537,0.6852,29,119,9,0,models;.venv-dbt/Lib/site-packages/dbt/include/starter_project/models;.venv-dbt/Lib/site-packages/dbt_metricflow/cli/mf_tutorial_project/models;.venv/Lib/site-packages/dbt/include/starter_project/models,43d62135b5ed7df48ec96314a59f36e855120291,0,,S3_code,0.9312,6.88,6.58,7,0.577778,0.040816,,package,repository name matches the dbt package convention,False,True
janaonline__dbt_cityfinance,https://github.com/janaonline/dbt_cityfinance.git,success,12,2024-11-07,2026-07-27,627,1.72,9,37,9,37,7,24,7,24,4.11,3.43,10,2024-12-16,3.7,extended,0.0,0.5882,0.7647,37,213,1,0,models,f01395e3a2c4b7f5eddddb748f74bd4c286ea34e,0,,S3_code,1.0,0.0,0.0,0,0.058824,0.058824,,package,repository name matches the dbt package convention,False,True
