D1_csi,D2_max_gini,D3_alg_conn,D3_fiedler_bim,D3_norm_gap,D4_cycle_rank_norm,accepted_swaps,is_dag
0.7368421052631579,0.49307092240179584,0.08202620334188147,0.9298664317007618,0.003719947777275658,0.34080717488789236,572,False
0.7368421052631579,0.47940865892291445,0.13595146367017363,0.4919889357204228,0.006165139038587588,0.3452914798206278,594,False
0.5789473684210527,0.49376028122676163,0.10099836153853267,0.717261575499875,0.0045759862922918745,0.34977578475336324,664,False
0.5789473684210527,0.49447469570787955,0.12622156410434643,0.5133063961236397,0.005725437362915956,0.3542600896860987,607,True
0.5263157894736842,0.5267385047854896,0.12937416885550154,0.4979413635309042,0.005872557723740405,0.34977578475336324,587,False
0.5789473684210527,0.5148171249013423,0.13549626599219552,0.5553117245889237,0.006146744072637641,0.34080717488789236,590,False
0.7368421052631579,0.4860549053921033,0.10177865064554135,0.7516084094200197,0.004614042357844274,0.34080717488789236,640,False
0.47368421052631576,0.4953598959532874,0.1421866549434825,0.37158483976458057,0.006447167006250088,0.34977578475336324,588,False
0.7368421052631579,0.5408322558605152,0.12267067523065582,0.4631115533922835,0.005564611962039487,0.3542600896860987,618,False
0.6842105263157895,0.505190085198822,0.08455147834722256,0.95211091453908,0.003829512802422523,0.34080717488789236,632,False
0.7368421052631579,0.47713375088018384,0.07307275843023879,0.9168793869374107,0.003315914741034213,0.3452914798206278,576,False
0.631578947368421,0.4987214692396836,0.13222583898540236,0.4520478089655507,0.005987471505299088,0.3452914798206278,613,False
0.5789473684210527,0.4922531903886636,0.10801363733586981,0.6120553739591532,0.004897562469638312,0.34977578475336324,632,False
0.631578947368421,0.49250323255110184,0.1294918843116628,0.87060011414542,0.005877459848884266,0.336322869955157,582,False
0.631578947368421,0.4898114663194947,0.0681777641688884,0.9296872499050445,0.0030907296512090454,0.34977578475336324,618,False
0.7368421052631579,0.47415624262449846,0.10665589920644017,0.4510659286520847,0.004839295743638352,0.3452914798206278,579,False
0.6842105263157895,0.5027018070840259,0.13989977500622403,0.574156736208149,0.006342187444290326,0.3452914798206278,577,False
0.5789473684210527,0.47106336837462326,0.12892817534135473,0.9171312237381654,0.0058470384274008,0.34977578475336324,599,False
0.631578947368421,0.48688140216994,0.1413268158077394,0.3818794902885777,0.006409985353619054,0.34977578475336324,610,False
0.5789473684210527,0.5066034966035217,0.1332646052175722,0.4737277528211423,0.006046159882172167,0.34977578475336324,628,True
0.42105263157894735,0.5108968900487955,0.1309972470289791,0.389079208512962,0.005943451411423815,0.3452914798206278,572,False
0.631578947368421,0.48997460766026885,0.12250458884141971,0.37983297594047793,0.005551922276527451,0.34080717488789236,609,False
0.631578947368421,0.5025352442920367,0.11663170939831298,0.49142291202477906,0.005287009434711996,0.3452914798206278,574,False
0.631578947368421,0.5172391475197633,0.1096409994022276,0.3950421247990748,0.004969754987799243,0.3452914798206278,587,False
0.5263157894736842,0.5592772974856309,0.1393795478838292,0.19351999770761755,0.006318912505002354,0.34080717488789236,624,False
0.631578947368421,0.5125991123073623,0.0724969498666698,0.9578524158254388,0.0032905178334780606,0.3452914798206278,569,False
0.47368421052631576,0.49523449281565574,0.08617709200086043,0.8667115767896176,0.0039060436817847308,0.3452914798206278,644,False
0.5263157894736842,0.5406958284220553,0.12337674293741507,0.39648091488157167,0.0055949155261086495,0.34080717488789236,641,False
0.631578947368421,0.502285987314195,0.11564979770648084,0.47154588327715385,0.005242930616357495,0.34080717488789236,635,False
0.5789473684210527,0.49745582571327485,0.12288895081882363,0.7867501021663357,0.005565293573180848,0.34080717488789236,600,False
0.8947368421052632,0.48941294302428806,0.06741268768539398,0.9632265871963652,0.003058658553232609,0.3542600896860987,589,True
0.6842105263157895,0.49543245970888433,0.07038179501464718,0.9791918613471472,0.003192566724610755,0.3452914798206278,619,False
0.8947368421052632,0.5121094827399196,0.13629819622862757,0.8219656273822389,0.006182119100825158,0.3452914798206278,565,False
0.631578947368421,0.5310628486571509,0.08090802492627236,0.8583373780675991,0.0036721937894519303,0.3452914798206278,599,False
0.7368421052631579,0.46514956565433546,0.12311766698969323,0.4977427407097133,0.005578124816463242,0.34080717488789236,574,False
0.7894736842105263,0.5137541859306382,0.07778030195550957,0.934289593988128,0.003525579348717232,0.34080717488789236,607,False
0.5789473684210527,0.4717737917289487,0.1212376126932309,0.40214317289227647,0.005497383374189962,0.34080717488789236,578,False
0.5789473684210527,0.5005654811334931,0.09970769915242918,0.5004022001373436,0.004525678585743192,0.34977578475336324,596,False
0.7368421052631579,0.5011870218939594,0.10198779386964574,0.838609660639076,0.004624902254204225,0.34977578475336324,586,False
0.631578947368421,0.49339251395625516,0.10229370173180816,0.5932626234648254,0.004641487191040066,0.34080717488789236,578,False
0.631578947368421,0.4732285459794828,0.1295802642008827,0.34703514340042074,0.00587467175179678,0.34977578475336324,597,True
0.6842105263157895,0.4932560769536418,0.12383232320766656,0.2637669327762895,0.0056166635111258665,0.34977578475336324,666,False
0.7368421052631579,0.4871240335251888,0.11601898619781566,0.24298274733541098,0.005265750637230975,0.3542600896860987,553,True
0.6842105263157895,0.4941876509141083,0.11631864689542415,0.11329678059274965,0.005275869670465246,0.3452914798206278,585,False
0.7368421052631579,0.4870925375959866,0.12298280146721144,0.6334996525811648,0.005578049088137083,0.34977578475336324,569,False
0.5789473684210527,0.49493107789071916,0.11710689267882798,0.5212041320226939,0.005309237136284226,0.34080717488789236,613,False
0.7894736842105263,0.47713004484304933,0.12242706752823213,0.5755563081295344,0.00555900717018528,0.3452914798206278,592,False
0.6842105263157895,0.4762468416380233,0.10789126054555839,0.7387286922130119,0.00489366088384575,0.34977578475336324,586,False
0.7368421052631579,0.4865035866530635,0.10970897392623502,0.8501062071473096,0.004975496564867391,0.34977578475336324,592,True
0.5263157894736842,0.4729322741325243,0.13892018472738132,0.27169068958736947,0.006301141425110465,0.3452914798206278,584,False
0.7894736842105263,0.48331157404779473,0.14641303129940297,0.4964238559035894,0.006639232802567636,0.3452914798206278,621,False
0.6842105263157895,0.4897407495962174,0.13182466917107005,0.6031387455987073,0.0059793249107461255,0.34977578475336324,604,False
0.47368421052631576,0.49577223688358063,0.14857014436889757,0.46395486217839144,0.006740707489975378,0.34977578475336324,598,False
0.631578947368421,0.4796562032884903,0.1320471549901212,0.5205011366640048,0.005989520559307944,0.3452914798206278,630,False
0.7368421052631579,0.5211114228514092,0.07466912097103076,0.9371732337515745,0.003386733669835087,0.34977578475336324,584,False
0.5789473684210527,0.464850767122194,0.09288705587206851,0.9055131905084459,0.004210414948768476,0.3542600896860987,596,True
0.6842105263157895,0.48556948727177224,0.14554077913068533,0.40790572235168776,0.006599708926998027,0.336322869955157,618,False
0.7894736842105263,0.47326233183856503,0.09164358989394207,0.8585446060566289,0.004160627972589061,0.34977578475336324,580,True
0.42105263157894735,0.4773772565252386,0.11041338829116754,0.4132301970193825,0.005005713404237802,0.3452914798206278,602,False
0.5789473684210527,0.5005617487820705,0.12661371975725544,0.5930370452779492,0.005744100000145542,0.34977578475336324,627,False
0.3157894736842105,0.4784153665762645,0.13051947065851568,0.5192432420089111,0.005916788510566857,0.3452914798206278,602,False
0.6842105263157895,0.4945790613016932,0.07976667829465622,0.916347774870807,0.003618231412270333,0.3452914798206278,599,False
0.5263157894736842,0.5141102187541345,0.12555962081213037,0.4640440934610379,0.005698499016439099,0.3452914798206278,596,False
0.5789473684210527,0.5153251346644891,0.09905632099172304,0.7809749834768237,0.00449419530621369,0.34080717488789236,547,False
0.7368421052631579,0.5621497520343364,0.12592207311178152,0.604865479305389,0.0057123564739712486,0.3452914798206278,566,False
0.47368421052631576,0.538568883446682,0.13470816157459506,0.49946244996453826,0.006112924093064717,0.34977578475336324,598,True
0.5263157894736842,0.5495419933032618,0.09296429922710749,0.7626614297095398,0.0042226484396597945,0.34977578475336324,573,False
0.8947368421052632,0.5202875625825418,0.12764281757313758,0.6749100906727374,0.005791195058046925,0.34977578475336324,607,False
0.7894736842105263,0.48071748878923765,0.09870238680767426,0.7947703496499532,0.004478325613334142,0.3452914798206278,611,False
0.6842105263157895,0.485810723160939,0.09042845465285694,0.8477560477202376,0.004101336264892148,0.34977578475336324,598,True
0.5789473684210527,0.49856492690917253,0.11855898205341324,0.30201318873821775,0.005373308322018937,0.34080717488789236,603,False
0.8421052631578947,0.5122000158653869,0.12017008533049124,0.6007411141262013,0.005456812682499214,0.34977578475336324,586,False
0.5789473684210527,0.508635255221795,0.11137784118462701,0.6475620065307478,0.005050016111859008,0.3452914798206278,604,False
0.5789473684210527,0.4849814945350137,0.08105878859369715,0.9031439796118369,0.0036765213824277486,0.336322869955157,595,False
0.631578947368421,0.5378511011644259,0.11598234786668675,0.750001473624103,0.00525811517559213,0.3452914798206278,577,False
0.631578947368421,0.4947621085536721,0.10325430766008631,0.7303067020306383,0.004679337836349507,0.34080717488789236,608,False
0.631578947368421,0.4763631242020709,0.08497228872467016,0.9604273239250593,0.003851371196505033,0.3452914798206278,592,False
0.8421052631578947,0.4722906686664932,0.11866257125491811,0.7181319345859194,0.005386692371032064,0.3542600896860987,618,True
0.6842105263157895,0.4642601666038505,0.12044090944862616,0.3085754015736342,0.00546413968108031,0.336322869955157,599,False
0.6842105263157895,0.47972250296827623,0.11799278419177658,0.4190002551913145,0.0053410265694836135,0.3452914798206278,591,False
0.6842105263157895,0.48219812146421126,0.11764170540785301,0.6345390833536626,0.005340755249753196,0.34977578475336324,588,False
0.7894736842105263,0.49948960107219803,0.12408551367605976,0.7071858608172749,0.005623130563547379,0.3452914798206278,605,False
0.6842105263157895,0.4901705417178489,0.12329856646463486,0.3993133492929624,0.005591607147384858,0.34080717488789236,601,False
0.7368421052631579,0.4799129955454911,0.12456760590346183,0.563372881727132,0.005645653865901732,0.34977578475336324,587,False
0.7368421052631579,0.46470913446771916,0.11569570553778531,0.4686072368026513,0.005242511918088366,0.34977578475336324,599,False
0.7894736842105263,0.49573764551343025,0.09755247466730495,0.6357921641919597,0.004428981102504701,0.3452914798206278,564,False
0.7368421052631579,0.4941846394761193,0.08082211362292059,0.9706948606146198,0.0036666205485532035,0.3452914798206278,573,False
0.7368421052631579,0.47522937181534136,0.12354252955428757,0.5382561977831584,0.005595436153085814,0.34080717488789236,589,False
0.42105263157894735,0.48519791120687983,0.09473367906820304,0.840741168197784,0.0042948435026895875,0.34080717488789236,603,False
0.47368421052631576,0.5176676354168036,0.14199733452007865,0.5012706804088463,0.006439208873372146,0.34080717488789236,614,False
0.6842105263157895,0.4968592245412177,0.1362666833842407,0.42883040473137485,0.006180011791687145,0.3452914798206278,612,False
0.5789473684210527,0.4889650927635628,0.10896801440310769,0.5207627331087087,0.004942397476138301,0.34977578475336324,608,False
0.5789473684210527,0.5042828445624542,0.13553113029456157,0.5564364563129122,0.006149336719654568,0.34977578475336324,585,False
0.5789473684210527,0.4805851039034896,0.08779796671014795,0.8718187013169235,0.003986015983059856,0.3452914798206278,592,False
0.5789473684210527,0.47933951816415826,0.1314006742678917,0.5478559733383815,0.005953330227092417,0.34080717488789236,610,False
0.7368421052631579,0.5343413976798705,0.1257191866545298,0.5051323386249634,0.005698345828096214,0.3452914798206278,617,False
0.631578947368421,0.4765499854985164,0.11408155718480852,0.5491051758390316,0.005173306118023862,0.34977578475336324,590,False
0.631578947368421,0.49209073195228087,0.12131921335365572,0.8815328454866441,0.0055045463523128715,0.3452914798206278,593,False
0.7368421052631579,0.4897311084068215,0.11321819045546759,0.83263184955859,0.0051361132883590635,0.3452914798206278,632,False
0.8421052631578947,0.487965398766114,0.08518306138567647,0.9508499273822625,0.00386153421144822,0.34080717488789236,619,False
