asset_id,asset_type,in_degree,out_degree,total_degree,df_in_degree,df_out_degree,pc_child_count,pagerank_df,pagerank_df_reverse,betweenness_df,descendants_df,ancestors_df,clustering,graph,is_core
4d7895e6-6376-401d-9164-792eb4327195,Data Table,0,20,20,0,4,16,0.0030901425354892776,0.02072170181734398,0.0,13,0,0,DLG1,1
e4e5ffbf-bf2e-4a46-ae0c-5f8f73aab24f,Data Table,2,34,36,2,0,34,0.01287765119844514,0.003081586603883224,0.0,0,5,0,DLG1,0
9c90a1f6-5d00-4edf-b99b-a5e45efdc5d6,Data Table,1,20,21,1,2,18,0.006274485791418743,0.010546126443760667,6.825006825006825e-05,3,2,0,DLG1,0
ab7ef906-c6f3-4528-9c55-fa564bfc376c,Data Table,1,14,15,1,0,14,0.009063976677841494,0.003081586603883224,0.0,0,3,0,DLG1,0
c93892ca-a6bc-4f0f-a82e-f61915101220,Data Table,0,7,7,0,1,6,0.0030901425354892776,0.004696668943815888,0.0,2,0,0,DLG1,0
aa80392a-a482-40e2-8ed8-048064eccb5f,Data Table,0,16,16,0,2,14,0.0030901425354892776,0.007119292453714884,0.0,4,0,0,DLG1,0
1e21328a-da9e-4e63-8dc8-05e3fe2af2f2,Data Table,0,5,5,0,1,4,0.0030901425354892776,0.0055042101137822205,0.0,2,0,0,DLG1,0
c55e1828-6b17-4bbb-b7b5-03d3c794eddd,Data Table,1,16,17,1,0,16,0.009621874855126045,0.003081586603883224,0.0,0,4,0,DLG1,1
378f4bc8-702f-45b7-b15a-3ea7a3cf6b88,Data Table,1,18,19,1,1,17,0.007390282145987843,0.007926833623681215,6.825006825006825e-05,2,3,0,DLG1,0
fec8336b-bf01-4c56-92dc-b7d16c6dae79,Data Table,1,17,18,1,0,17,0.011061037756782723,0.003081586603883224,0.0,0,5,0,DLG1,0
906e9ab0-cf59-4179-8158-257b9facaa9f,Data Table,1,22,23,1,0,22,0.006832383968703292,0.003081586603883224,0.0,0,2,0,DLG1,0
c57c49f1-3e41-43dc-8346-defdaa9d3270,Data Table,0,22,22,0,2,20,0.0030901425354892776,0.012099961555011498,0.0,6,0,0,DLG1,0
332f595e-a63c-40d4-9e03-e37665407e56,Data Table,0,30,30,0,1,29,0.0030901425354892776,0.004696668943815888,0.0,2,0,0,DLG1,0
35152af4-9211-4a5e-abca-feb49c70743d,Data Table,1,16,17,1,0,16,0.010737671209695144,0.003081586603883224,0.0,0,4,0,DLG1,1
03f4cb30-9870-4c1c-9590-8e867fc06ee5,Data Table,0,32,32,0,1,31,0.0030901425354892776,0.004696668943815888,0.0,2,0,0,DLG1,0
e9fb6c0a-8378-4841-bf4d-7f9080bdbd59,Data Table,0,18,18,0,1,17,0.0018843173883764301,0.002684361999326539,0.0,6,0,0,DLG2,0
783ba88f-86a9-463d-a329-7be8a122a452,Data Table,1,20,21,1,1,19,0.018217681051771562,0.0035905164875151673,0.00014959842173665067,2,16,0,DLG2,1
b78a3c55-2c0d-4f72-b4eb-24bccbd6620c,Data Table,0,48,48,0,1,47,0.0018843173883764301,0.002684361999326539,0.0,6,0,0,DLG2,0
3f240cbb-6e9f-4402-955a-9d54780241c3,Data Table,1,5,6,1,1,4,0.013011543200220747,0.004162400482245209,0.00014959842173665067,4,8,0,DLG2,0
574a04f5-fa68-47f5-aa1d-6663e5870e9b,Data Table,0,12,12,0,1,11,0.0018843173883764301,0.002684361999326539,0.0,6,0,0,DLG2,0
5e083de1-5873-4fcc-bd10-43926ef9be3f,Data Table,0,19,19,0,2,17,0.0018843173883764301,0.004644228764892204,0.0,4,0,0,DLG2,0
297926f1-eb62-4874-a1c5-acd42521205a,Data Table,0,20,20,0,1,19,0.0018843173883764301,0.0030636603488266483,0.0,2,0,0,DLG2,0
d7a8326b-460e-4238-b4ce-c95a964adf9a,Data Table,1,59,60,1,0,59,0.0068878417278331475,0.002009948071449611,0.0,0,4,0,DLG2,1
fde00d64-ef5f-45ea-8567-794b7b46277e,Data Table,0,20,20,0,1,19,0.0018843173883764301,0.0030636603488266483,0.0,2,0,0,DLG2,0
bab871ab-ce67-46bf-8f8b-c68526375c8f,Data Table,1,4,5,1,0,4,0.017381227353515334,0.002009948071449611,0.0,0,19,0,DLG2,0
e21a32c6-d978-4b90-970d-fddf7e55ae37,Data Table,1,34,35,1,0,34,0.00501671072238138,0.002009948071449611,0.0,0,3,0,DLG2,0
e0cbcc31-efd4-437e-b686-257951716b56,Data Table,0,35,35,0,1,34,0.0018843173883764301,0.0035905164875151673,0.0,2,0,0,DLG2,0
4b0b3d72-4602-440a-b190-75859501c1d5,Data Table,2,7,9,2,1,6,0.005427458957547399,0.006730845566588106,8.414911222686601e-05,6,3,0,DLG2,1
c3e4a4ba-9ad4-4364-8e65-3baaa76a0481,Data Table,4,18,22,4,0,18,0.008970600526718367,0.002009948071449611,0.0,0,5,0,DLG2,1
65fd86fb-9321-4b16-9888-d7afd62202b0,Data Table,0,24,24,0,8,16,0.0018843173883764301,0.023340322502567488,0.0,18,0,0,DLG2,1
5bbd5b9e-23b9-4661-a011-800e7499cafd,Data Table,1,20,21,1,1,19,0.0074039265545056835,0.004162400482245209,9.349901358540668e-05,4,5,0,DLG2,0
735bff33-d3f0-482f-933e-42890c39afb0,Data Table,1,17,18,1,0,17,0.0036558881729619143,0.002009948071449611,0.0,0,2,0,DLG2,0
2e79871e-4c3c-4677-a4d9-6962eed8fb39,Data Table,0,17,17,0,1,16,0.0018843173883764301,0.002684361999326539,0.0,6,0,0,DLG2,0
691058fa-1ef1-40d0-96eb-0eb68a8fbdf6,Data Table,0,12,12,0,1,11,0.0018843173883764301,0.002684361999326539,0.0,6,0,0,DLG2,0
c050dd1c-a7c1-4c8e-ae0b-5c97aae40150,Data Table,0,33,33,0,1,32,0.0018843173883764301,0.002684361999326539,0.0,6,0,0,DLG2,0
6e3bf0f4-6eef-478b-842f-c059bceeb483,Data Table,0,12,12,0,1,11,0.0018843173883764301,0.002684361999326539,0.0,6,0,0,DLG2,0
7d171f49-c15c-44df-8a9e-88fd45b322ac,Data Table,3,70,73,3,0,70,0.008282764373700806,0.0012298941735776805,0.0,0,34,0,DLG9,1
bb174170-6182-49dd-9a0c-c70e150ed78c,Data Table,0,13,13,0,1,12,0.001164116158650781,0.00229452693662943,0.0,10,0,0,DLG9,0
3a71edf0-e416-4064-b2c5-fa04c90acea1,Data Table,2,13,15,2,0,13,0.006424001550451311,0.0012298941735776805,0.0,0,33,0,DLG9,1
02af7d6f-f5ab-45fa-8e40-f91a3dcd3c78,Data Table,0,6,6,0,3,3,0.001164116158650781,0.0026707518990651486,0.0,5,0,0,DLG9,1
b410d3d7-1d78-482c-bf62-ee5e998e21df,Data Table,0,4,4,0,1,3,0.001164116158650781,0.00229452693662943,0.0,10,0,0,DLG9,0
0c3aff84-25dd-4a10-bc0b-86e59ef21770,Data Table,1,45,46,1,5,40,0.007925143079058932,0.004683846734349251,0.00034430059549949934,7,28,0,DLG9,1
83cdb2f5-bed0-4cfe-8c32-390d8573e2d7,Data Table,0,4,4,0,1,3,0.001164116158650781,0.00229452693662943,0.0,10,0,0,DLG9,0
46c96c27-16f7-4e57-85a4-bdc595f8b41b,Data Table,0,4,4,0,1,3,0.001164116158650781,0.00229452693662943,0.0,10,0,0,DLG9,0
75fefe5d-c4b0-4e7f-8234-7b9d2dac9742,Data Table,1,95,96,1,0,95,0.007925143079058932,0.0012298941735776805,0.0,0,28,0,DLG9,0
2baff774-983f-45b5-94b6-332abc15a22f,Data Table,0,17,17,0,1,16,0.001164116158650781,0.007313804314130211,0.0,20,0,0,DLG9,0
3d99365a-ced5-4b2c-8da7-91d65b18a39a,Data Table,1,30,31,1,4,26,0.0029949453166403235,0.0071273524243475215,6.323888488766315e-05,18,2,0,DLG9,0
85952b64-01c9-43d7-91ed-dc5ad31baaca,Data Table,2,31,33,2,1,30,0.012542212722934659,0.00229452693662943,0.0003864598520912748,10,22,0,DLG9,0
cc80bf0f-7e4f-44a1-9b6e-976755b48929,Data Table,5,83,88,5,2,81,0.012942238869231931,0.004983354327842519,0.00043388901575702217,13,19,0,DLG9,1
210a0f3f-dbab-42ab-84b2-bffd4909d99b,Data Table,0,19,19,0,1,18,0.001164116158650781,0.0031470173132183334,0.0,24,0,0,DLG9,0
50afcc5e-7e6e-4681-8531-ebee5cc8a553,Data Table,0,19,19,0,1,18,0.001164116158650781,0.0017266458324009585,0.0,2,0,0,DLG9,0
08ed4538-07fa-4db6-8d3a-5f1395896381,Data Table,0,21,21,0,2,19,0.001164116158650781,0.002397346469416027,0.0,19,0,0,DLG9,0
5f74d6c2-07eb-4ac2-8f24-0ab9fce6e331,Data Table,0,20,20,0,1,19,0.001164116158650781,0.0017266458324009585,0.0,2,0,0,DLG9,0
9d7beaa4-fe0b-417b-ba0c-8040107e7873,Data Table,1,23,24,1,4,19,0.0038362324504411602,0.0038615132458948718,0.00011593795562738244,22,3,0,DLG9,1
4f56b53b-d37f-43a1-a7ce-e7a4641c00e4,Data Table,1,13,14,1,0,13,0.003689602651450618,0.0012298941735776805,0.0,0,6,0,DLG9,0
28f51bd4-cafb-4011-a428-66959d927fd6,Data Table,0,17,17,0,1,16,0.001164116158650781,0.0021973092912332473,0.0,2,0,0,DLG9,0
d483f9ed-3c3a-469b-a755-e9791285d5cc,Data Table,0,22,22,0,2,20,0.001164116158650781,0.002397346469416027,0.0,19,0,0,DLG9,0
06fcf652-d5c4-4d28-85a1-afe85c78bbf3,Data Table,0,21,21,0,1,20,0.001164116158650781,0.0031470173132183334,0.0,24,0,0,DLG9,0
a63dade6-d3fd-4366-8def-551f7bc78204,Data Table,0,18,18,0,2,16,0.001164116158650781,0.002397346469416027,0.0,19,0,0,DLG9,0
ce7a4ca5-0b3d-48cd-988f-97ffe3e300ed,Data Table,2,33,35,2,0,33,0.00747701984495171,0.0012298941735776805,0.0,0,11,0,DLG9,0
2d975164-2e40-4331-8e79-89562690dad0,Data Table,1,20,21,1,1,19,0.004110246218351036,0.002999131648808633,0.00021079628295887716,15,8,0,DLG9,1
26ef0607-467f-481e-b284-868f4bee1c43,Data Table,0,36,36,0,4,32,0.001164116158650781,0.0033417835108265157,0.0,6,0,0,DLG9,1
203b1d5b-451f-4550-8dd8-0f7be2613b4a,Data Table,0,26,26,0,1,25,0.001164116158650781,0.0018196399986546645,0.0,15,0,0,DLG9,0
07522e43-aa9c-42d2-a849-238c8931f75b,Data Table,0,28,28,0,1,27,0.001164116158650781,0.0018196399986546645,0.0,15,0,0,DLG9,0
a673bf53-4b93-4e23-936e-655e1e3d7abc,Data Table,1,26,27,1,1,25,0.0010494134238603512,0.0011934243091743385,9.89608620547189e-06,2,7,0,DLG11,0
9a5a7a54-808e-4a72-b97c-a8147e22c5bf,Data Table,1,25,26,1,0,25,0.0015992474484567407,0.0004636041145990147,0.0,0,9,0,DLG11,0
67d79363-c4d5-4776-9e86-a4bc246dda9b,Data Table,1,39,40,1,6,33,0.001529281287720125,0.005883871836422715,8.906477584924703e-05,18,5,0,DLG11,1
41e67ddf-6cc8-48e6-9ceb-49527e63a012,Data Table,1,24,25,1,0,24,0.0010494134238603512,0.0004636041145990147,0.0,0,7,0,DLG11,0
c19de93b-a54d-455b-97d3-a38e463dd38d,Data Table,3,26,29,3,1,25,0.0022142278669622976,0.001723123459691814,3.958434482188756e-05,4,9,0,DLG11,0
48c0d4f2-0f39-4826-a4ff-574537badbe4,Data Table,1,18,19,1,1,17,0.0010494134238603512,0.0008285142118866765,9.89608620547189e-06,2,7,0,DLG11,0
a16005e1-e2c6-4a14-b50c-adf3ef801174,Data Table,1,48,49,1,0,48,0.0019372080880843939,0.0004636041145990147,0.0,0,10,0,DLG11,0
ceed2e4d-ed3b-45f8-ba2f-8eda2116c692,Data Table,0,19,19,0,1,18,0.00046700620230937824,0.0008285142118866765,0.0,2,0,0,DLG11,0
432f5499-a617-40d5-b647-777ff04e09cb,Data Table,1,26,27,1,0,26,0.0024634406893728283,0.0004636041145990147,0.0,0,13,0,DLG11,1
c085332d-36bd-436e-aff8-79af8428723c,Data Table,1,26,27,1,1,25,0.0023935885636848985,0.0011934243091743385,1.979217241094378e-05,2,11,0,DLG11,0
9bb6545c-801e-4ad9-9b24-1b1de062c046,Data Table,0,238,238,0,1,237,0.00046700620230937824,0.0005678641423954896,0.0,2,0,0,DLG11,0
c12cdebc-344f-4ffa-bbe1-c9aaa9e0d5f8,Data Table,0,238,238,0,1,237,0.00046700620230937824,0.0005678641423954896,0.0,2,0,0,DLG11,0
70d8371f-9262-4139-aae4-55f6321acbbd,Data Table,1,51,52,1,0,51,0.0027228997691671015,0.0004636041145990147,0.0,0,8,0,DLG11,1
bade1fd8-7004-47dd-8fb2-12af2f1b8cd6,Data Table,0,20,20,0,1,19,0.00046700620230937824,0.0005678641423954896,0.0,2,0,0,DLG11,0
83adb19c-d315-4216-916d-464d68efc774,Data Table,0,18,18,0,1,17,0.00046700620230937824,0.0005678641423954896,0.0,2,0,0,DLG11,0
f87b0aec-9d22-49a3-b384-7256e1aa3421,Data Table,1,35,36,1,0,35,0.0012262169365303516,0.0004636041145990147,0.0,0,3,0,DLG11,0
730dcee8-609f-48bc-a203-779493ce250b,Data Table,0,19,19,0,1,18,0.00046700620230937824,0.0008285142118866765,0.0,2,0,0,DLG11,0
76c214cf-e2ec-43e2-a88d-662e4b1e8d16,Data Table,0,19,19,0,1,18,0.00046700620230937824,0.0008285142118866765,0.0,2,0,0,DLG11,0
f4a67500-6723-444a-b555-70fcb4d90f4c,Data Table,0,20,20,0,1,19,0.00046700620230937824,0.0008285142118866765,0.0,2,0,0,DLG11,0
37f099b6-8b43-4b44-8d7e-0da707d9497c,Data Table,1,18,19,1,0,18,0.0012262169365303516,0.0004636041145990147,0.0,0,3,0,DLG11,0
298e061f-a97a-4b11-bc4d-1f83551aaaf8,Data Table,1,42,43,1,0,42,0.0012262169365303516,0.0004636041145990147,0.0,0,3,0,DLG11,0
60945020-4a53-4ed9-a4d3-a5eb0a4004c5,Data Table,1,31,32,1,0,31,0.0012262169365303516,0.0004636041145990147,0.0,0,3,0,DLG11,0
2f79b045-1ddb-4b9e-8ea6-84231300c594,Data Table,1,15,16,1,0,15,0.0012262169365303516,0.0004636041145990147,0.0,0,3,0,DLG11,0
a31ed5c3-b7b8-42ee-b5f2-2d6ca3b342e4,Data Table,0,20,20,0,1,19,0.00046700620230937824,0.0008285142118866765,0.0,2,0,0,DLG11,0
7f689ff8-5d8f-418c-afff-8de2ee40e7d5,Data Table,0,21,21,0,1,20,0.00046700620230937824,0.0008285142118866765,0.0,2,0,0,DLG11,0
32a9c4bb-a056-4714-8811-945dc42a0538,Data Table,0,21,21,0,1,20,0.00046700620230937824,0.0008285142118866765,0.0,2,0,0,DLG11,0
fb73ddcc-ae25-492c-9fca-1a3e9534459f,Data Table,0,34,34,0,14,20,0.00046700620230937824,0.0074820564045697795,0.0,46,0,0,DLG11,1
8feafb24-f9c6-4d95-8641-68fecec4a5f3,Data Table,0,18,18,0,1,17,0.00046700620230937824,0.0008285142118866765,0.0,2,0,0,DLG11,0
c2ba66e7-b32c-4be2-8698-df14f987dcda,Data Table,1,17,18,1,0,17,0.0012262169365303516,0.0004636041145990147,0.0,0,3,0,DLG11,0
51aa0d05-148f-4b3c-a5df-b580a7b71ecf,Data Table,1,11,12,1,0,11,0.0012262169365303516,0.0004636041145990147,0.0,0,3,0,DLG11,0
5c9cd955-9bd9-481a-9e84-a8e0487cc4ab,Data Table,0,16,16,0,1,15,0.00046700620230937824,0.0008285142118866765,0.0,2,0,0,DLG11,0
272549b8-f4bf-4cf5-8a68-625761509022,Data Table,1,13,14,1,0,13,0.0012262169365303516,0.0004636041145990147,0.0,0,3,0,DLG11,0
f8f85f6e-58f5-4345-a113-d04c44f62100,Data Table,0,21,21,0,1,20,0.00046700620230937824,0.0008285142118866765,0.0,2,0,0,DLG11,0
ec817210-67bd-48dc-835f-6d21ff78496f,Data Table,1,8,9,1,0,8,0.0012262169365303516,0.0004636041145990147,0.0,0,3,0,DLG11,0
87354471-e2f3-4387-a2a8-d3dd43f2f3e6,Data Table,0,18,18,0,1,17,0.00046700620230937824,0.0008285142118866765,0.0,2,0,0,DLG11,0
d40747b0-745e-40b7-80c5-a9bf7be1ed35,Data Table,0,21,21,0,1,20,0.00046700620230937824,0.0008285142118866765,0.0,2,0,0,DLG11,0
2b1a751f-1516-4329-aafc-95d722f26d3e,Data Table,1,26,27,1,0,26,0.0012262169365303516,0.0004636041145990147,0.0,0,3,0,DLG11,0
b441c0af-6ee8-40d8-bb9d-3a10437cd9a1,Data Table,1,7,8,1,0,7,0.0012262169365303516,0.0004636041145990147,0.0,0,3,0,DLG11,0
9cd06b26-99be-4c2a-926a-4f176276ed61,Data Table,0,17,17,0,1,16,0.00046700620230937824,0.0008285142118866765,0.0,2,0,0,DLG11,0
833e0ec4-2304-47fd-927e-e5aebf8ec897,Data Table,1,18,19,1,0,18,0.0012262169365303516,0.0004636041145990147,0.0,0,3,0,DLG11,0
37939e92-e80d-4272-9ca0-82a095c0d4ed,Data Table,1,18,19,1,0,18,0.0012262169365303516,0.0004636041145990147,0.0,0,3,0,DLG11,0
a2ae76af-9d41-4c86-a7a0-c2b799fd40f6,Data Table,0,16,16,0,1,15,0.00046700620230937824,0.0008285142118866765,0.0,2,0,0,DLG11,0
9424e98c-0990-46c3-833e-ec9aaf5e2948,Data Table,1,18,19,1,0,18,0.0010330965710288354,0.0004636041145990147,0.0,0,2,0,DLG11,0
a9c19877-05b6-43fc-9bdb-41bbe4297de7,Data Table,1,20,21,1,0,20,0.0012231994308193903,0.0004636041145990147,0.0,0,3,0,DLG11,0
644390eb-5d14-46f8-8c85-0a0b74bdfc52,Data Table,1,18,19,1,0,18,0.0010542191110055636,0.0004636041145990147,0.0,0,3,0,DLG11,0
cadcf2d9-2ef4-47eb-9cf2-06c546dfd082,Data Table,0,21,21,0,2,19,0.00046700620230937824,0.0009270835963630633,0.0,3,0,0,DLG11,0
0197dd77-923d-4684-a1e0-30c33d83abf7,Data Table,1,15,16,1,0,15,0.0012231994308193903,0.0004636041145990147,0.0,0,3,0,DLG11,0
891f5ee0-417e-43d4-a3e7-90a90d5cf174,Data Table,1,19,20,1,0,19,0.0012231994308193903,0.0004636041145990147,0.0,0,3,0,DLG11,0
e7f33025-358d-49c2-9a23-8c26124d1059,Data Table,1,20,21,1,0,20,0.0012231994308193903,0.0004636041145990147,0.0,0,3,0,DLG11,0
ba97a839-39e3-4b56-a127-cfb96ee14753,Data Table,1,20,21,1,0,20,0.0010542191110055636,0.0004636041145990147,0.0,0,3,0,DLG11,0
dd2abf39-0830-41a5-9917-76d8a76e2b88,Data Table,0,9,9,0,1,8,0.00046700620230937824,0.0008285142118866765,0.0,2,0,0,DLG11,0
2afa4861-6725-48e0-912c-515787b69eff,Data Table,0,32,32,0,2,30,0.00046700620230937824,0.0015583344064620003,0.0,4,0,0,DLG11,0
baad9f08-b6b5-402d-9fce-e41d08deb4ba,Data Table,0,19,19,0,1,18,0.00046700620230937824,0.0008285142118866765,0.0,2,0,0,DLG11,0
6fb8299c-ffe8-47c2-87e2-e01d5ea06029,Data Table,1,19,20,1,1,18,0.0008852387911917372,0.002738225139830174,9.896086205471892e-05,20,2,0,DLG11,1
1e6e132b-659b-4ea3-9f9c-e7a02bd8208a,Data Table,0,13,13,0,2,11,0.00046700620230937824,0.0009327742396831513,0.0,4,0,0,DLG11,0
87fc651f-ee37-4816-af51-5da380aae1cb,Data Table,0,19,19,0,1,18,0.00046700620230937824,0.0008285142118866765,0.0,2,0,0,DLG11,0
690da07f-6e9e-43a4-8696-1da8bcb303fe,Data Table,0,43,43,0,1,42,0.00046700620230937824,0.0008285142118866765,0.0,2,0,0,DLG11,0
498403b8-0a4d-4eba-8e01-a54d0e6dbc69,Data Table,1,17,18,1,0,17,0.0010542191110055636,0.0004636041145990147,0.0,0,3,0,DLG11,0
cfb28508-a65b-41ab-be5a-fee8e1783b14,Data Table,1,16,17,1,0,16,0.0010542191110055636,0.0004636041145990147,0.0,0,3,0,DLG11,0
18ca6cc1-0a6e-44fc-851d-1d9965bb7d28,Data Table,1,19,20,1,0,19,0.0010542191110055636,0.0004636041145990147,0.0,0,3,0,DLG11,0
b41ee648-8b24-41b3-92db-c8692b4180f0,Data Table,0,17,17,0,2,15,0.00046700620230937824,0.0009270835963630633,0.0,3,0,0,DLG11,0
141fd69c-bb54-433e-bf7c-558f5ed3d898,Data Table,1,20,21,1,0,20,0.0010542191110055636,0.0004636041145990147,0.0,0,3,0,DLG11,0
01b0d6ac-f46e-4c70-a909-2393619ac669,Data Table,0,28,28,0,2,26,0.00046700620230937824,0.0009270835963630633,0.0,3,0,0,DLG11,0
b5f9b18e-3dec-4995-b1d5-014ff8404f5c,Data Table,0,15,15,0,2,13,0.00046700620230937824,0.0009327742396831513,0.0,4,0,0,DLG11,0
9ae357c8-4bf8-4570-a586-3ef5b4b715c9,Data Table,1,16,17,1,0,16,0.0012231994308193903,0.0004636041145990147,0.0,0,3,0,DLG11,0
a0ec77fb-ba33-4a2d-8405-76623c37033f,Data Table,0,12,12,0,1,11,0.00046700620230937824,0.0008285142118866765,0.0,2,0,0,DLG11,0
be8b49f3-1505-4f80-a0a2-6b03cba34e60,Data Table,1,15,16,1,0,15,0.0010542191110055636,0.0004636041145990147,0.0,0,3,0,DLG11,0
41b9a884-0ddf-421d-b898-223bc308c450,Data Table,0,8,8,0,1,7,0.00046700620230937824,0.0008285142118866765,0.0,2,0,0,DLG11,0
de431a07-6da7-4e94-86ed-b63993ff3dbe,Data Table,0,36,36,0,1,35,0.00046700620230937824,0.0008285142118866765,0.0,2,0,0,DLG11,0
599b0dfb-c7a1-4fc5-9183-b0f0d512f3e9,Data Table,0,19,19,0,2,17,0.00046700620230937824,0.0009327742396831513,0.0,4,0,0,DLG11,0
e31d2ef5-d4b8-49e0-a2a9-d10cce03c22a,Data Table,1,20,21,1,0,20,0.0012231994308193903,0.0004636041145990147,0.0,0,3,0,DLG11,0
c3e26a5d-8e63-4f9b-a8f9-c9f15642844f,Data Table,1,20,21,1,0,20,0.0012231994308193903,0.0004636041145990147,0.0,0,3,0,DLG11,0
29133f78-aa7e-4d97-a578-6efef757f985,Data Table,0,24,24,0,16,8,0.00046700620230937824,0.00784812141930688,0.0,51,0,0,DLG11,1
f87b0aec-9d22-49a3-b384-7256e1aa3421,Data Table,1,35,36,1,0,35,0.0010986624203951434,0.00042918188634949206,0.0,0,3,0,DLG13,0
730dcee8-609f-48bc-a203-779493ce250b,Data Table,0,9,9,0,1,8,0.000419175612202355,0.00076721593550674,0.0,2,0,0,DLG13,0
76c214cf-e2ec-43e2-a88d-662e4b1e8d16,Data Table,1,27,28,1,1,26,0.0010986624203951434,0.00076721593550674,0.0,2,4,0,DLG13,0
f4a67500-6723-444a-b555-70fcb4d90f4c,Data Table,0,43,43,0,1,42,0.000419175612202355,0.00076721593550674,0.0,2,0,0,DLG13,0
37f099b6-8b43-4b44-8d7e-0da707d9497c,Data Table,1,18,19,1,0,18,0.0009471084984104196,0.00042918188634949206,0.0,0,3,0,DLG13,0
298e061f-a97a-4b11-bc4d-1f83551aaaf8,Data Table,1,42,43,1,0,42,0.0010986624203951434,0.00042918188634949206,0.0,0,3,0,DLG13,0
60945020-4a53-4ed9-a4d3-a5eb0a4004c5,Data Table,0,63,63,0,1,62,0.000419175612202355,0.0005043005639399916,0.0,2,0,0,DLG13,0
2f79b045-1ddb-4b9e-8ea6-84231300c594,Data Table,1,15,16,1,0,15,0.0009471084984104196,0.00042918188634949206,0.0,0,3,0,DLG13,0
a31ed5c3-b7b8-42ee-b5f2-2d6ca3b342e4,Data Table,0,14,14,0,3,11,0.000419175612202355,0.0011174193245356017,0.0,28,0,0,DLG13,0
0a655698-bf67-49ed-a498-dd0eaad04e6b,Data Table,2,18,20,2,0,18,0.0025256367445848564,0.00042918188634949206,0.0,0,9,0,DLG13,0
7f689ff8-5d8f-418c-afff-8de2ee40e7d5,Data Table,0,16,16,0,3,13,0.000419175612202355,0.0011174193245356017,0.0,28,0,0,DLG13,0
32a9c4bb-a056-4714-8811-945dc42a0538,Data Table,0,8,8,0,1,7,0.000419175612202355,0.00076721593550674,0.0,2,0,0,DLG13,0
fb73ddcc-ae25-492c-9fca-1a3e9534459f,Data Table,0,23,23,0,15,8,0.000419175612202355,0.005819975632796575,0.0,54,0,0,DLG13,1
8feafb24-f9c6-4d95-8641-68fecec4a5f3,Data Table,0,19,19,0,2,17,0.000419175612202355,0.0008593302852158106,0.0,27,0,0,DLG13,0
9b408b3d-c8b2-4c99-a224-34463610d30d,Data Table,4,78,82,4,2,76,0.0019221655703959737,0.0014703122145656661,1.3927570606390626e-05,3,6,0,DLG13,1
f8f85f6e-58f5-4345-a113-d04c44f62100,Data Table,0,19,19,0,1,18,0.000419175612202355,0.00076721593550674,0.0,2,0,0,DLG13,0
87354471-e2f3-4387-a2a8-d3dd43f2f3e6,Data Table,0,17,17,0,2,15,0.000419175612202355,0.0010751969082021943,0.0,6,0,0,DLG13,0
ec817210-67bd-48dc-835f-6d21ff78496f,Data Table,1,8,9,1,0,8,0.0010986624203951434,0.00042918188634949206,0.0,0,3,0,DLG13,0
d40747b0-745e-40b7-80c5-a9bf7be1ed35,Data Table,0,21,21,0,2,19,0.000419175612202355,0.0010751969082021943,0.0,6,0,0,DLG13,0
2b1a751f-1516-4329-aafc-95d722f26d3e,Data Table,1,26,27,1,0,26,0.0015930655971607053,0.00042918188634949206,0.0,0,6,0,DLG13,0
b441c0af-6ee8-40d8-bb9d-3a10437cd9a1,Data Table,1,7,8,1,0,7,0.0010986624203951434,0.00042918188634949206,0.0,0,3,0,DLG13,0
9cd06b26-99be-4c2a-926a-4f176276ed61,Data Table,0,19,19,0,1,18,0.000419175612202355,0.00076721593550674,0.0,2,0,0,DLG13,0
833e0ec4-2304-47fd-927e-e5aebf8ec897,Data Table,1,18,19,1,0,18,0.0010986624203951434,0.00042918188634949206,0.0,0,3,0,DLG13,0
37939e92-e80d-4272-9ca0-82a095c0d4ed,Data Table,1,18,19,1,0,18,0.0010986624203951434,0.00042918188634949206,0.0,0,3,0,DLG13,0
a2ae76af-9d41-4c86-a7a0-c2b799fd40f6,Data Table,0,36,36,0,1,35,0.000419175612202355,0.00076721593550674,0.0,2,0,0,DLG13,0
a9c19877-05b6-43fc-9bdb-41bbe4297de7,Data Table,1,8,9,1,0,8,0.0010973994710452705,0.00042918188634949206,0.0,0,3,0,DLG13,0
644390eb-5d14-46f8-8c85-0a0b74bdfc52,Data Table,11,136,147,11,8,128,0.006852679816692227,0.0026575009054587255,0.00019962851202493228,24,27,0,DLG13,1
cadcf2d9-2ef4-47eb-9cf2-06c546dfd082,Data Table,0,21,21,0,2,19,0.000419175612202355,0.0008584814929821595,0.0,3,0,0,DLG13,0
0197dd77-923d-4684-a1e0-30c33d83abf7,Data Table,1,7,8,1,0,7,0.0010973994710452705,0.00042918188634949206,0.0,0,3,0,DLG13,0
891f5ee0-417e-43d4-a3e7-90a90d5cf174,Data Table,1,35,36,1,0,35,0.0010973994710452705,0.00042918188634949206,0.0,0,3,0,DLG13,0
e7f33025-358d-49c2-9a23-8c26124d1059,Data Table,1,11,12,1,0,11,0.0010973994710452705,0.00042918188634949206,0.0,0,3,0,DLG13,0
ba97a839-39e3-4b56-a127-cfb96ee14753,Data Table,1,15,16,1,0,15,0.0009458455490605471,0.00042918188634949206,0.0,0,3,0,DLG13,0
dd2abf39-0830-41a5-9917-76d8a76e2b88,Data Table,0,9,9,0,1,8,0.000419175612202355,0.00076721593550674,0.0,2,0,0,DLG13,0
baad9f08-b6b5-402d-9fce-e41d08deb4ba,Data Table,0,19,19,0,1,18,0.000419175612202355,0.00076721593550674,0.0,2,0,0,DLG13,0
1e6e132b-659b-4ea3-9f9c-e7a02bd8208a,Data Table,0,14,14,0,3,11,0.000419175612202355,0.0011174193245356017,0.0,28,0,0,DLG13,0
87fc651f-ee37-4816-af51-5da380aae1cb,Data Table,0,19,19,0,1,18,0.000419175612202355,0.00076721593550674,0.0,2,0,0,DLG13,0
690da07f-6e9e-43a4-8696-1da8bcb303fe,Data Table,0,43,43,0,1,42,0.000419175612202355,0.00076721593550674,0.0,2,0,0,DLG13,0
18ca6cc1-0a6e-44fc-851d-1d9965bb7d28,Data Table,1,26,27,1,0,26,0.0009458455490605471,0.00042918188634949206,0.0,0,3,0,DLG13,0
b41ee648-8b24-41b3-92db-c8692b4180f0,Data Table,0,17,17,0,2,15,0.000419175612202355,0.0008584814929821595,0.0,3,0,0,DLG13,0
01b0d6ac-f46e-4c70-a909-2393619ac669,Data Table,0,28,28,0,2,26,0.000419175612202355,0.0008584814929821595,0.0,3,0,0,DLG13,0
b5f9b18e-3dec-4995-b1d5-014ff8404f5c,Data Table,0,16,16,0,3,13,0.000419175612202355,0.0011174193245356017,0.0,28,0,0,DLG13,0
9ae357c8-4bf8-4570-a586-3ef5b4b715c9,Data Table,1,18,19,1,0,18,0.0010973994710452705,0.00042918188634949206,0.0,0,3,0,DLG13,0
a0ec77fb-ba33-4a2d-8405-76623c37033f,Data Table,0,12,12,0,1,11,0.000419175612202355,0.00076721593550674,0.0,2,0,0,DLG13,0
be8b49f3-1505-4f80-a0a2-6b03cba34e60,Data Table,1,18,19,1,0,18,0.0009458455490605471,0.00042918188634949206,0.0,0,3,0,DLG13,0
41b9a884-0ddf-421d-b898-223bc308c450,Data Table,0,8,8,0,1,7,0.000419175612202355,0.00076721593550674,0.0,2,0,0,DLG13,0
de431a07-6da7-4e94-86ed-b63993ff3dbe,Data Table,0,36,36,0,1,35,0.000419175612202355,0.00076721593550674,0.0,2,0,0,DLG13,0
599b0dfb-c7a1-4fc5-9183-b0f0d512f3e9,Data Table,0,19,19,0,2,17,0.000419175612202355,0.0008593302852158106,0.0,27,0,0,DLG13,0
e31d2ef5-d4b8-49e0-a2a9-d10cce03c22a,Data Table,1,18,19,1,0,18,0.0010973994710452705,0.00042918188634949206,0.0,0,3,0,DLG13,0
c3e26a5d-8e63-4f9b-a8f9-c9f15642844f,Data Table,1,42,43,1,0,42,0.0010973994710452705,0.00042918188634949206,0.0,0,3,0,DLG13,0
29133f78-aa7e-4d97-a578-6efef757f985,Data Table,0,24,24,0,16,8,0.000419175612202355,0.005941294266733788,0.0,55,0,0,DLG13,1
0484b148-5c3e-40d8-a28b-2762ebb024a6,Data Table,1,12,13,1,0,12,0.0008186485073947967,0.00042918188634949206,0.0,0,2,0,DLG13,0
c35e18cf-ddf2-4577-b89a-225f277475a4,Data Table,0,15,15,0,3,12,0.000419175612202355,0.0018458403428084319,0.0,30,0,0,DLG13,0
a08abfe2-9210-4936-893e-29852aedcaf4,Data Table,1,23,24,1,0,23,0.001329601730086151,0.00042918188634949206,0.0,0,8,0,DLG13,1
1f7968b9-fc5a-498e-a90d-7e16196a1dd6,Data Table,0,30,30,0,2,28,0.000419175612202355,0.0009925719682782387,0.0,4,0,0,DLG13,0
22fa7a6d-a6de-4963-be0e-227539f402f8,Data Table,1,11,12,1,0,11,0.0008763833348175486,0.00042918188634949206,0.0,0,2,0,DLG13,0
0382984d-09f9-47f2-bbac-0eb252d6723d,Data Table,0,19,19,0,7,12,0.000419175612202355,0.002209650173270991,0.0,34,0,0,DLG13,1
70f1d41e-2122-4cb1-bc70-0231eb9c1dd7,Data Table,0,13,13,0,2,11,0.000419175612202355,0.0006212918823194804,0.0,5,0,0,DLG13,0
ee6447a6-9916-4c65-990a-c8458cf2d1ef,Data Table,1,9,10,1,0,9,0.001376675938991995,0.00042918188634949206,0.0,0,37,0,DLG13,0
0bc0c66e-a61f-41b7-b8d7-09eaa7e5f63a,Data Table,0,37,37,0,2,35,0.000419175612202355,0.0011697722444939359,0.0,28,0,0,DLG13,0
879d8d76-5c98-422f-8ad7-897a79c51ec0,Data Table,1,11,12,1,0,11,0.0008186485073947967,0.00042918188634949206,0.0,0,2,0,DLG13,0
c709f2e7-d828-41df-9e08-f8ba0f58fafd,Data Table,0,21,21,0,1,20,0.000419175612202355,0.0006839971469190318,0.0,14,0,0,DLG13,0
cb96b762-e078-41a8-adcc-42bca5facdb6,Data Table,1,35,36,1,0,35,0.0009269013088124563,0.00042918188634949206,0.0,0,2,0,DLG13,0
43118aff-cce5-4f64-a686-c2b8791c6a19,Data Table,0,10,10,0,4,6,0.000419175612202355,0.0010055118742594573,0.0,10,0,0,DLG13,0
febce55a-b9fc-41ea-b1fc-ac12e419afae,Data Table,1,11,12,1,0,11,0.0008186485073947967,0.00042918188634949206,0.0,0,2,0,DLG13,0
f5645fa0-fc34-49f9-9b33-afb0e6107a21,Data Table,1,17,18,1,0,17,0.003371154997014192,0.00042918188634949206,0.0,0,36,0,DLG13,0
f2ae325b-2ff4-4f2b-a725-03a3d6cad8b2,Data Table,0,10,10,0,4,6,0.000419175612202355,0.0010055118742594573,0.0,10,0,0,DLG13,0
9261c9f9-58ee-4a6f-9ca3-4c6e5b5113ee,Data Table,0,24,24,0,5,19,0.000419175612202355,0.0020175401773010024,0.0,34,0,0,DLG13,0
91c9430d-b0eb-42ed-8e6a-526249bd5284,Data Table,0,17,17,0,1,16,0.000419175612202355,0.0006839971469190318,0.0,14,0,0,DLG13,0
b441c65d-074a-403e-9be6-8488a4ace34f,Data Table,1,19,20,1,0,19,0.0008359689556216223,0.00042918188634949206,0.0,0,2,0,DLG13,0
875c7613-9faf-4b9f-88d6-6f50216972da,Data Table,0,15,15,0,1,14,0.000419175612202355,0.0006839971469190318,0.0,14,0,0,DLG13,0
fd65dbe3-6244-406f-86a5-b5a1a22872c4,Data Table,0,13,13,0,1,12,0.000419175612202355,0.0005043005639399916,0.0,2,0,0,DLG13,0
1eba51a3-c887-42cb-b031-801d2299cf4e,Data Table,0,8,8,0,2,6,0.000419175612202355,0.0006008817208420624,0.0,4,0,0,DLG13,0
4a17a86a-fd63-4dfc-8a72-5dac8fd14574,Data Table,1,13,14,1,0,13,0.0008511243478200946,0.00042918188634949206,0.0,0,2,0,DLG13,0
055d4918-ce84-4fe4-957b-b044dbff9785,Data Table,0,18,18,0,7,11,0.000419175612202355,0.002209650173270991,0.0,34,0,0,DLG13,1
175e6ffa-545d-4c61-9077-9242a1ec4772,Data Table,1,11,12,1,0,11,0.0008763833348175486,0.00042918188634949206,0.0,0,2,0,DLG13,0
6074e26c-ca12-4d5e-a10a-0814ff7ea91c,Data Table,0,17,17,0,4,13,0.000419175612202355,0.0021006556033779716,0.0,30,0,0,DLG13,0
41b6f2b3-e3b0-4ae0-b058-63a6d869a995,Data Table,2,27,29,2,1,26,0.002983232941729683,0.0011052499846639881,1.8570094141854167e-05,2,33,0,DLG13,0
dbcd3e83-b0fd-446a-90e6-9e49d6218061,Data Table,1,21,22,1,0,21,0.0012300091527819039,0.00042918188634949206,0.0,0,3,0,DLG13,0
62633e2c-2819-467d-9bf2-8e85bde00baf,Data Table,2,22,24,2,1,21,0.003546147509101513,0.0011052499846639881,1.8570094141854167e-05,2,34,0,DLG13,1
b67f39c9-60d2-4900-acbb-910c5f0bf27f,Data Table,1,16,17,1,0,16,0.0022166527376771797,0.00042918188634949206,0.0,0,39,0,DLG13,0
4fa8e4f3-0d5d-4d2c-a04b-098f20a1902d,Data Table,0,15,15,0,1,14,0.000419175612202355,0.0006839971469190318,0.0,14,0,0,DLG13,0
8f8dd4d9-088d-4fae-a40a-eea56a0947d2,Data Table,1,13,14,1,0,13,0.0008511243478200946,0.00042918188634949206,0.0,0,2,0,DLG13,0
1e46fb87-fc76-4192-a0e3-755316307492,Data Table,1,18,19,1,0,18,0.0008359689556216223,0.00042918188634949206,0.0,0,2,0,DLG13,0
8c8ba069-9667-46f9-a8de-d946d92f5707,Data Table,0,3,3,0,2,1,0.000419175612202355,0.0008134018782894689,0.0,5,0,0,DLG13,0
c6fe55c6-c90d-4aa9-8dff-8e2586822129,Data Table,1,10,11,1,1,9,0.0019994249851608336,0.0011052499846639881,1.8570094141854167e-05,2,37,0,DLG13,0
78cec605-84bc-4f50-8449-52c0459f7e18,Data Table,1,12,13,1,0,12,0.0008186485073947967,0.00042918188634949206,0.0,0,2,0,DLG13,0
ff2171a5-1702-4542-90f6-236695ed153b,Data Table,0,24,24,0,1,23,0.000419175612202355,0.00076721593550674,0.0,2,0,0,DLG13,0
9fd4f5ac-6ef0-402c-ace9-35925e8fa4d3,Data Table,0,8,8,0,2,6,0.000419175612202355,0.0006008817208420624,0.0,4,0,0,DLG13,0
721d45ad-4406-4690-aa85-aa8424691696,Data Table,1,19,20,1,0,19,0.0008359689556216223,0.00042918188634949206,0.0,0,2,0,DLG13,0
f72872a9-8c26-4deb-9bb1-48c5619b8581,Data Table,0,9,9,0,2,7,0.000419175612202355,0.0011052499846639881,0.0,4,0,0,DLG13,0
532d4c1f-f8d3-42c9-b2b4-eb1a7350165c,Data Table,1,19,20,1,0,19,0.0008359689556216223,0.00042918188634949206,0.0,0,2,0,DLG13,0
285db3b9-53b3-497c-a76b-2a25e68a5333,Data Table,0,24,24,0,5,19,0.000419175612202355,0.0020175401773010024,0.0,34,0,0,DLG13,0
bfdcc4d8-0482-4859-b73a-95be236bef1b,Data Table,1,23,24,1,0,23,0.0010784552307971803,0.00042918188634949206,0.0,0,3,0,DLG13,0
993549e4-44ac-4c5c-80f9-ec43cc97139e,Data Table,1,9,10,1,0,9,0.0022166527376771797,0.00042918188634949206,0.0,0,39,0,DLG13,0
41e27390-fcdc-48f6-9957-d0d272d5f996,Data Table,1,12,13,1,0,12,0.0008186485073947967,0.00042918188634949206,0.0,0,2,0,DLG13,0
c496ae67-d30f-42d9-8a72-28b30a9f0833,Data Table,0,9,9,0,1,8,0.000419175612202355,0.0006839971469190318,0.0,14,0,0,DLG13,0
86245453-d208-4260-8c8a-8ed299d1bb51,Data Table,1,17,18,1,0,17,0.0019358174180250454,0.00042918188634949206,0.0,0,10,0,DLG13,1
ffd28ea3-3784-45b2-87fa-99214ba15137,Data Table,0,19,19,0,7,12,0.000419175612202355,0.002209650173270991,0.0,34,0,0,DLG13,1
86f99fd0-cfe3-4e1d-8b84-e2e233c3f3ad,Data Table,0,14,14,0,2,12,0.000419175612202355,0.0006212918823194804,0.0,5,0,0,DLG13,0
ac3e5f4d-6154-440d-8524-c95b6be891fc,Data Table,1,20,21,1,1,19,0.0019994249851608336,0.0011052499846639881,1.8570094141854167e-05,2,37,0,DLG13,0
31ead275-cb42-4dcf-b85f-181c42acba75,Data Table,1,23,24,1,0,23,0.00296037369914549,0.00042918188634949206,0.0,0,35,0,DLG13,0
d9881cf1-4020-464f-b02d-7cb149712939,Data Table,0,9,9,0,1,8,0.000419175612202355,0.0006839971469190318,0.0,14,0,0,DLG13,0
5a39ce59-c668-459a-a9c6-e78ba10ff829,Data Table,1,12,13,1,0,12,0.0008186485073947967,0.00042918188634949206,0.0,0,2,0,DLG13,0
c690e4e9-bea6-4bf9-bb56-e700c53a1261,Data Table,1,27,28,1,0,27,0.0021509789071455575,0.00042918188634949206,0.0,0,38,0,DLG13,0
cab58466-d666-4e4c-be99-209e552fc11d,Data Table,1,13,14,1,4,9,0.003292520457805618,0.0025024237552937166,1.8570094141854167e-05,12,35,0,DLG13,1
bade1fd8-7004-47dd-8fb2-12af2f1b8cd6,Data Table,0,28,28,0,1,27,0.001610786040873157,0.002802576969167181,0.0,19,0,0,DLG15,0
83adb19c-d315-4216-916d-464d68efc774,Data Table,0,26,26,0,1,25,0.001610786040873157,0.002802576969167181,0.0,19,0,0,DLG15,0
70d8371f-9262-4139-aae4-55f6321acbbd,Data Table,0,52,52,0,1,51,0.001610786040873157,0.002802576969167181,0.0,19,0,0,DLG15,0
35152af4-9211-4a5e-abca-feb49c70743d,Data Table,0,49,49,0,1,48,0.001610786040873157,0.002802576969167181,0.0,19,0,0,DLG15,0
03f4cb30-9870-4c1c-9590-8e867fc06ee5,Data Table,0,32,32,0,1,31,0.001610786040873157,0.002802576969167181,0.0,19,0,0,DLG15,0
332f595e-a63c-40d4-9e03-e37665407e56,Data Table,0,30,30,0,1,29,0.001610786040873157,0.002802576969167181,0.0,19,0,0,DLG15,0
a16005e1-e2c6-4a14-b50c-adf3ef801174,Data Table,0,49,49,0,1,48,0.001610786040873157,0.002802576969167181,0.0,19,0,0,DLG15,0
48c0d4f2-0f39-4826-a4ff-574537badbe4,Data Table,0,32,32,0,1,31,0.001610786040873157,0.002802576969167181,0.0,19,0,0,DLG15,0
ceed2e4d-ed3b-45f8-ba2f-8eda2116c692,Data Table,0,30,30,0,1,29,0.001610786040873157,0.002802576969167181,0.0,19,0,0,DLG15,0
589e3e10-e8d3-4512-bf41-5a439996b97b,Data Table,0,11,11,0,2,9,0.001610786040873157,0.002672345419213283,0.0,3,0,0,DLG15,0
bc0206f4-ed66-44f0-8dec-772d0c44b248,Data Table,1,7,8,1,0,7,0.005779107250110149,0.001664540448277002,0.0,0,17,0,DLG15,0
a24915a6-f08e-4990-9c01-91a83b5d2cb6,Data Table,3,32,35,3,0,32,0.01062778527233093,0.001664540448277002,0.0,0,18,0,DLG15,1
844e992e-c2c6-42b7-a414-7ad0c4ed94ed,Data Table,0,7,7,0,1,6,0.001610786040873157,0.002972836883828469,0.0,2,0,0,DLG15,0
84c62f93-08b4-4ce0-8950-07cb9bee6ebd,Data Table,0,22,22,0,2,20,0.001610786040873157,0.002672345419213283,0.0,3,0,0,DLG15,0
46c96c27-16f7-4e57-85a4-bdc595f8b41b,Data Table,0,4,4,0,1,3,0.001610786040873157,0.002802576969167181,0.0,19,0,0,DLG15,0
0c3aff84-25dd-4a10-bc0b-86e59ef21770,Data Table,1,38,39,1,8,30,0.01809408743625021,0.018446903720159356,0.0007685054828668483,17,14,0,DLG15,1
83cdb2f5-bed0-4cfe-8c32-390d8573e2d7,Data Table,0,4,4,0,1,3,0.001610786040873157,0.002802576969167181,0.0,19,0,0,DLG15,0
7e3ec6e6-7735-4276-af43-96f75586f247,Data Table,2,13,15,2,0,13,0.011110083258098208,0.001664540448277002,0.0,0,20,0,DLG15,1
02af7d6f-f5ab-45fa-8e40-f91a3dcd3c78,Data Table,0,5,5,0,2,3,0.001610786040873157,0.002672345419213283,0.0,3,0,0,DLG15,0
bb174170-6182-49dd-9a0c-c70e150ed78c,Data Table,0,16,16,0,1,15,0.001610786040873157,0.002802576969167181,0.0,19,0,0,DLG15,0
b410d3d7-1d78-482c-bf62-ee5e998e21df,Data Table,0,4,4,0,1,3,0.001610786040873157,0.002802576969167181,0.0,19,0,0,DLG15,0
5814fd73-bc8d-4c91-816e-63719c495033,Data Table,1,16,17,1,1,15,0.00461645245135908,0.004281133319379936,0.00010332846828461826,2,16,0,DLG15,0
cd2c0a23-8b7c-47d2-8fe4-18b4b954a445,Data Table,1,15,16,1,1,14,0.00461645245135908,0.004281133319379936,0.00010332846828461826,2,16,0,DLG15,0
7070bd96-ff42-4699-9232-cc9dd9e34548,Data Table,1,15,16,1,0,15,0.006343582770715956,0.001664540448277002,0.0,0,18,0,DLG15,0
1e9c5591-9ff5-4528-913b-1dd0ec659221,Data Table,1,15,16,1,0,15,0.006343582770715956,0.001664540448277002,0.0,0,18,0,DLG15,0
