node_id,layer,domain_or_team_owner,has_steward,has_tests,test_count,has_documentation
node_02b883b4392e74abef,gold/mart,domain_012,false,true,4,true
node_02d84558dc3a008c82,silver/intermediate,domain_017,false,false,0,false
node_038ba1e1a0b590e605,source/raw,domain_021,false,false,0,true
node_0406267669b1dc2369,source/raw,domain_021,false,false,0,false
node_046b3179c6c17781f9,silver/intermediate,domain_010,false,false,0,false
node_05a74c9c10b4ba36ba,source/raw,domain_007,false,false,0,false
node_06e0b9e20b3e99207a,source/raw,domain_003,false,false,0,false
node_06edbc77119938283d,source/raw,domain_005,false,false,0,false
node_09c4f1810fdc003bdf,silver/intermediate,domain_016,false,false,0,false
node_0a4c27624bb9a1f010,source/raw,domain_001,false,false,0,true
node_0b005806d46a49a32d,gold/mart,domain_012,false,true,1,true
node_0c517e2a1e268995fe,silver/intermediate,domain_017,false,false,0,false
node_0d8a49108e44ec275b,source/raw,domain_001,false,false,0,true
node_0f652521461d942684,source/raw,domain_023,false,false,0,false
node_0fe4935d49ab41a36f,source/raw,domain_024,false,false,0,true
node_116ddb397b7dbcbfb8,silver/intermediate,domain_013,false,false,0,false
node_11b3e4c1c53b6a5448,source/raw,domain_025,false,false,0,true
node_12003b92e1aa2ff8ee,gold/mart,domain_012,false,true,1,true
node_13ce1a2480148b4774,gold/mart,domain_012,false,true,2,true
node_15660ed9c03dc1d857,gold/mart,domain_012,false,true,1,true
node_1612b2b6481bbf84ca,source/raw,domain_011,false,false,0,false
node_16e062c30bc8d4f913,source/raw,domain_020,false,false,0,true
node_1c298e15ed207d6318,source/raw,domain_004,false,false,0,false
node_1d2a8523f712121c55,source/raw,domain_009,false,false,0,false
node_1ec72d2226b89f82c1,source/raw,domain_004,false,false,0,false
node_1ef88ad323fc6824ef,gold/mart,domain_012,false,false,0,false
node_20288beb08e34db312,source/raw,domain_024,false,false,0,true
node_20476864e2a088a0ba,silver/intermediate,domain_016,false,false,0,false
node_216119b1a9a4fa49b7,source/raw,domain_024,false,false,0,true
node_22bcb8cbb3bea63851,source/raw,domain_004,false,false,0,false
node_2443d214b1157edcea,source/raw,domain_009,false,false,0,false
node_247d6b9e9ec6c256bf,source/raw,domain_004,false,false,0,false
node_26d334b818533d57d3,source/raw,domain_011,false,false,0,false
node_2761c0dd6e836e1d6d,source/raw,domain_024,false,false,0,true
node_2779051b8e23258c80,source/raw,domain_011,false,false,0,false
node_2784dcf61244234f18,silver/intermediate,domain_018,false,false,0,false
node_2821c7fbedd867c88c,source/raw,domain_024,false,false,0,true
node_28c4fd9240619344e9,gold/mart,domain_012,false,true,6,true
node_28fc76a3992f8138e5,source/raw,domain_023,false,false,0,true
node_292066b2765e8adcfc,source/raw,domain_005,false,false,0,true
node_2a3fbda9ed3327a11c,source/raw,domain_008,false,false,0,false
node_2b339f2f6654807b21,source/raw,domain_005,false,false,0,false
node_2cb4a44d43d26db4bc,source/raw,domain_004,false,false,0,false
node_2ce4fe2138d3c2dbed,source/raw,domain_002,false,false,0,true
node_2d0ffec286506a2891,source/raw,domain_009,false,false,0,false
node_2fe97210f9d50d8a6e,source/raw,domain_015,false,false,0,false
node_304d9e765cadb2b8bd,silver/intermediate,domain_016,false,false,0,false
node_32a8bb332fa3b35644,source/raw,domain_021,false,false,0,true
node_32f9c2c190dad20b51,source/raw,domain_003,false,false,0,false
node_346155ac2ba8188f68,source/raw,domain_015,false,false,0,false
node_3690c9b6686b874488,source/raw,domain_019,false,false,0,true
node_3737f1a0fcb6a8143a,source/raw,domain_011,false,false,0,false
node_380a1aa96e72d8a44b,silver/intermediate,domain_018,false,false,0,false
node_38384386fff5c76576,gold/mart,domain_012,false,true,1,true
node_3956048b4ad511c1f7,source/raw,domain_024,false,false,0,true
node_3a343ec66440a36e7c,source/raw,domain_026,false,false,0,false
node_3b669c28424e47694c,gold/mart,domain_012,false,true,5,true
node_3be5b74e945493f8ce,source/raw,domain_003,false,false,0,false
node_3fe440ebf859e118c4,source/raw,domain_011,false,false,0,true
node_446f4a151dc1d84627,silver/intermediate,domain_017,false,false,0,false
node_447d12dca7a0697d9d,source/raw,domain_008,false,false,0,true
node_45a7e210d40ddced19,gold/mart,domain_012,false,true,1,true
node_462c621a25b035bda0,silver/intermediate,domain_006,false,false,0,false
node_475f4ebbda9ca323ff,source/raw,domain_024,false,false,0,true
node_489e0cd052b7abf4a4,source/raw,domain_009,false,false,0,false
node_49562300cdb8803771,source/raw,domain_023,false,false,0,false
node_49baa591e52d8800de,source/raw,domain_020,false,false,0,true
node_4b6c3ad23d5ad157d3,source/raw,domain_004,false,false,0,false
node_4b94789fcd2b47e91c,gold/mart,domain_012,false,true,1,true
node_4c8aed6727ef3c597b,silver/intermediate,domain_013,false,false,0,false
node_4d1aa913b3e330301a,source/raw,domain_004,false,false,0,false
node_4dd898bdb409f54481,source/raw,domain_024,false,false,0,true
node_4de9b1eecc34481abf,source/raw,domain_011,false,false,0,false
node_4fca13d718d3c8d9df,source/raw,domain_004,false,false,0,false
node_508e65ba8417c5bb12,silver/intermediate,domain_022,false,false,0,false
node_5166957bef20265438,source/raw,domain_005,false,false,0,false
node_5335e61573c165d847,gold/mart,domain_012,false,false,0,false
node_5437c9f2313d14cf1a,source/raw,domain_004,false,false,0,false
node_55591f9c2e41d87082,source/raw,domain_005,false,false,0,true
node_56e1511dd68f57df48,source/raw,domain_005,false,false,0,false
node_58930c9b6326a735e7,source/raw,domain_003,false,false,0,false
node_5896e11d9fe66a1bbb,source/raw,domain_004,false,false,0,false
node_59cea8f337c32a7da4,source/raw,domain_021,false,false,0,false
node_5ab6d84b46307b7012,source/raw,domain_005,false,false,0,false
node_5d5b96e21775aa6523,silver/intermediate,domain_014,false,false,0,false
node_5e7db8252206e96e0a,source/raw,domain_002,false,false,0,true
node_5ec41d0f7c9f998c84,silver/intermediate,domain_016,false,false,0,false
node_5ed0ae5cb31e415769,source/raw,domain_008,false,false,0,false
node_6067a416d3dcdc54f7,gold/mart,domain_012,false,true,3,true
node_6095076154a23608c1,source/raw,domain_003,false,false,0,false
node_63dbb122a6dc8140e3,source/raw,domain_009,false,false,0,false
node_68c3df9e1b7c297615,gold/mart,domain_012,false,false,0,false
node_68f3f3eaac19049021,source/raw,domain_003,false,false,0,false
node_6b0807ba48f0771bfa,silver/intermediate,domain_017,false,false,0,false
node_6ca0f8c007def84627,source/raw,domain_004,false,false,0,false
node_6d037803a7d5013b10,source/raw,domain_004,false,false,0,false
node_6d55ce00fd3458106b,source/raw,domain_020,false,false,0,true
node_6da9414209fd703576,source/raw,domain_004,false,false,0,false
node_6e76b6300582e3195d,gold/mart,domain_012,false,true,6,true
node_6f1440426492f4c683,source/raw,domain_005,false,false,0,false
node_6fe3237816547e5983,source/raw,domain_003,false,false,0,false
node_717a87a486753504c8,source/raw,domain_003,false,false,0,true
node_723e35209bb6d22426,source/raw,domain_005,false,false,0,false
node_727daa9b56921ff68e,gold/mart,domain_012,false,true,1,true
node_730e44dee2b170144a,source/raw,domain_023,false,false,0,false
node_74ce129f20fb452585,silver/intermediate,domain_022,false,false,0,false
node_752eb1f6702a9aaed4,source/raw,domain_007,false,false,0,false
node_7746a90c959d0086f3,source/raw,domain_003,false,false,0,false
node_774fb57c1ee45e7af1,gold/mart,domain_012,false,false,0,true
node_7c04494f0827d365a7,source/raw,domain_004,false,false,0,false
node_7da7667731b9b4441c,source/raw,domain_004,false,false,0,false
node_7dfa1002c6de8d569a,gold/mart,domain_012,false,true,5,true
node_7e09b5fb8da9079207,source/raw,domain_009,false,false,0,false
node_7f1e464729938cdb3f,source/raw,domain_008,false,false,0,false
node_8107a1abe976574f81,source/raw,domain_021,false,false,0,true
node_836b97d19edbea2e8a,source/raw,domain_001,false,false,0,true
node_860469fb558baa9ad2,gold/mart,domain_012,false,false,0,true
node_86da787f81881ebd23,gold/mart,domain_012,false,true,1,true
node_88fb334d8bb8b5222b,source/raw,domain_004,false,false,0,false
node_88fdb384609d5ffa61,source/raw,domain_011,false,false,0,true
node_892c5bd54040327395,source/raw,domain_024,false,false,0,true
node_8aee0e3e7f924b41e7,source/raw,domain_004,false,false,0,false
node_8d68b71c226ba4b446,source/raw,domain_024,false,false,0,true
node_8d861c7041d6859265,source/raw,domain_003,false,false,0,false
node_8df7b1442ba83c6273,silver/intermediate,domain_022,false,false,0,false
node_90c9b9c5d30c0469bf,source/raw,domain_024,false,false,0,true
node_93cd55c6eb918a26c1,gold/mart,domain_012,false,true,12,true
node_95b81c908cc2f1dc02,source/raw,domain_011,false,false,0,true
node_95d974e6e3b77598d0,source/raw,domain_001,false,false,0,true
node_97123e04a9d374383a,source/raw,domain_011,false,false,0,true
node_999f5a241309c40bd4,silver/intermediate,domain_017,false,false,0,false
node_9a627c21e2abaf55c5,source/raw,domain_002,false,false,0,true
node_9aa13574d919c787b4,source/raw,domain_004,false,false,0,false
node_9b628638d0c486a39b,source/raw,domain_008,false,false,0,false
node_9bbbf2ccc6dd80d19b,source/raw,domain_004,false,false,0,false
node_9c6a2fb198ac90b61c,source/raw,domain_008,false,false,0,true
node_9d10fa56d12c0009d6,source/raw,domain_024,false,false,0,true
node_a1030e1f5c198a6a74,source/raw,domain_005,false,false,0,false
node_a145991dc9c5acb089,silver/intermediate,domain_018,false,false,0,false
node_a17c494f7925447b11,source/raw,domain_008,false,false,0,false
node_a1f696b09e255ecd88,gold/mart,domain_012,false,true,14,true
node_a298c305c2703df3a9,gold/mart,domain_012,false,true,2,true
node_a3d86829e9b4c7eb71,gold/mart,domain_012,false,true,1,true
node_a495fbebf229c0cb59,silver/intermediate,domain_022,false,false,0,false
node_a4b3f7dfb1263e75e2,source/raw,domain_021,false,false,0,false
node_a5b17497d92846e317,gold/mart,domain_012,false,true,1,true
node_a726ce11b05258489f,source/raw,domain_008,false,false,0,false
node_a925bcf6b624114249,source/raw,domain_004,false,false,0,false
node_aa4ea063b7ed903e71,gold/mart,domain_012,false,true,1,true
node_aa58ef1260d5d24122,gold/mart,domain_012,false,true,1,true
node_abfb97c6fb06731a0a,source/raw,domain_009,false,false,0,false
node_acf208f3a20bd0cffd,source/raw,domain_011,false,false,0,true
node_b05f3c848a994bd88f,source/raw,domain_004,false,false,0,true
node_b384a1fcf3529ad1e2,source/raw,domain_002,false,false,0,true
node_b4d14bb2dcdbe30264,silver/intermediate,domain_010,false,false,0,false
node_b7f90d7859576b204b,source/raw,domain_011,false,false,0,true
node_b85f4995d1c262ecc5,gold/mart,domain_012,false,true,1,true
node_b8ec5ad58ece39ffe2,gold/mart,domain_012,false,true,1,true
node_b982be5a1f60e535ea,source/raw,domain_015,false,false,0,false
node_ba5b32adf9beaf8e8a,silver/intermediate,domain_014,false,false,0,false
node_ba7afb0bc819f2f7f8,source/raw,domain_011,false,false,0,true
node_bc41d0f09737ccb2c4,source/raw,domain_009,false,false,0,true
node_be1eec11db9249b6b3,source/raw,domain_020,false,false,0,true
node_bf4ab14bd1f35e9a2f,source/raw,domain_005,false,false,0,false
node_c03b6598028e08ceef,source/raw,domain_011,false,false,0,false
node_c1a3ad8b0ac731389b,source/raw,domain_003,false,false,0,false
node_c39d393034377931ea,source/raw,domain_024,false,false,0,true
node_c3fb429f0a6028d66a,gold/mart,domain_012,false,true,2,true
node_c4370c42de96bec3f2,silver/intermediate,domain_022,false,false,0,false
node_c634de4341e9ddb9a4,source/raw,domain_011,false,false,0,true
node_c6e542ed6383f9f192,source/raw,domain_001,false,false,0,true
node_c72ed5dad59fbb73d2,silver/intermediate,domain_017,false,false,0,false
node_c7576b09cca8557849,gold/mart,domain_012,false,true,1,true
node_c83ac7865a9922baa4,gold/mart,domain_012,false,true,1,true
node_ca62488f334c48c625,source/raw,domain_021,false,false,0,true
node_d016a63063da2d8ceb,source/raw,domain_009,false,false,0,false
node_d0ed8a6219a6cd787e,silver/intermediate,domain_016,false,false,0,false
node_d196949ee90fa1bce8,source/raw,domain_008,false,false,0,true
node_d319f1b5d9db103bc8,source/raw,domain_002,false,false,0,true
node_d33db909e69e415589,source/raw,domain_011,false,false,0,false
node_d42fe7ef045a9f3ccd,silver/intermediate,domain_018,false,false,0,false
node_d49c62f1528d4cd3fb,source/raw,domain_021,false,false,0,true
node_d536566d470bb3acd0,source/raw,domain_004,false,false,0,false
node_d6c441876611e8546a,source/raw,domain_011,false,false,0,false
node_d88dbc6dba3ec6a41b,source/raw,domain_020,false,false,0,true
node_da54a4db98a7d3dd73,silver/intermediate,domain_014,false,false,0,false
node_dab69571a77488afbe,source/raw,domain_020,false,false,0,true
node_dac776c446644ddc46,silver/intermediate,domain_013,false,false,0,false
node_de3481ae273a633a3b,source/raw,domain_007,false,false,0,false
node_deeaf6f23aad064080,silver/intermediate,domain_014,false,false,0,false
node_df69a00fffa5326b6b,source/raw,domain_003,false,false,0,false
node_dfef50b1abf709451d,source/raw,domain_003,false,false,0,false
node_e031b3c27a0b8c38be,source/raw,domain_004,false,false,0,false
node_e073df13de1a400da3,source/raw,domain_008,false,false,0,false
node_e128374df0cfb6f079,source/raw,domain_003,false,false,0,true
node_e5a44c5c44c9cb347b,gold/mart,domain_012,false,true,1,true
node_e6aeec2a10509ea8d3,source/raw,domain_008,false,false,0,true
node_e721d755e34bfe4f74,source/raw,domain_023,false,false,0,false
node_e7e7ecd193ec0e021e,source/raw,domain_007,false,false,0,false
node_e82cf50e24cf0bc3c1,source/raw,domain_020,false,false,0,true
node_e99e7796b4cec90edd,gold/mart,domain_012,false,true,1,true
node_ebf837b03db4205cef,source/raw,domain_024,false,false,0,true
node_edf37f34109b7f63e2,source/raw,domain_011,false,false,0,true
node_ef21a912662ce6e89d,source/raw,domain_004,false,false,0,false
node_ef6fde78308806a692,silver/intermediate,domain_014,false,false,0,false
node_f38a281a13ff02ced9,source/raw,domain_004,false,false,0,false
node_f42de5bf10dc7dcdfd,silver/intermediate,domain_018,false,false,0,false
node_f4a9f596fadb1fc6b5,source/raw,domain_008,false,false,0,false
node_f4c473b9967a0c9ac5,source/raw,domain_005,false,false,0,false
node_f56143c89367e13fb3,source/raw,domain_008,false,false,0,true
node_f7301cc157d5181015,source/raw,domain_011,false,false,0,true
node_f7ac44cc2384c6a60b,source/raw,domain_023,false,false,0,false
node_f80d4f064d1c9bec61,source/raw,domain_009,false,false,0,false
node_f86d38702a1e959cf4,source/raw,domain_011,false,false,0,false
node_f8a772e13ccf361e62,source/raw,domain_005,false,false,0,true
node_fa08a1c0d5d9587032,gold/mart,domain_012,false,true,2,true
node_fa406dcef8c0793a50,source/raw,domain_021,false,false,0,true
node_fa77c13da01bd3b580,source/raw,domain_004,false,false,0,false
node_fb89c3d4183b806d52,source/raw,domain_005,false,false,0,false
node_fc814642e7c048490c,source/raw,domain_011,false,false,0,false
node_fde0131284e9f0ace5,source/raw,domain_024,false,false,0,true
node_fea00c7042f6455e49,silver/intermediate,domain_018,false,false,0,false
node_ff7a3427f057cd8432,source/raw,domain_008,false,false,0,true
